{"type":"FeatureCollection","features":[{"type":"Feature","properties":{"name":"Côte d'Ivoire","count":6,"capacity":1,"types":["dataset","map","other","capacitydata"],"datasets":[{"title":"Medium-voltage distribution predictive model outputs","url":"https://energydata.info/dataset/medium-voltage-distribution-predictive","host":"energydata.info","source":{"key":"opendata","label":"Open data"},"year":"2019","licence":"cc-by-4.0","types":["dataset"],"subregions":[]},{"title":"West African Power Pool (WAPP)","url":"https://www.ecowapp.org/sites/default/files/wapp_map_general_optimized.gif","host":"ecowapp.org","source":{"key":"operator","label":"Operator / TSO"},"year":"2017","licence":null,"types":["map"],"subregions":[]},{"title":"Projects and planning for the Electrical System","url":"https://www.cinergies.ci/realisations-et-projets-planifies/","host":"cinergies.ci","source":{"key":"operator","label":"Operator / TSO"},"year":"2020","licence":"proprietary","types":["map"],"subregions":[]},{"title":"CI-ENERGIES - NEDA 225 kV Man-Séguéla-Mankono-Korhogo Project Documents","url":"https://www.cinergies.ci/wp-content/uploads/2026/04/NEDA_TDR-APS-APD_-Ligne-225-kV-Man-Seguela-Ma-nkono-Korhogo-Vf.pdf","host":"cinergies.ci","source":{"key":"operator","label":"Operator / TSO"},"year":"2026","licence":null,"types":["other","capacitydata"],"subregions":[]},{"title":"CIE - Carte du réseau électrique interconnecté","url":"https://www.cie.ci/presentation/carte-reseau","host":"cie.ci","source":{"key":"operator","label":"Operator / TSO"},"year":null,"licence":null,"types":["map"],"subregions":[]},{"title":"Côte d'Ivoire electricity transmission network - AICD","url":"https://energydata.info/dataset/cote-divoire-electricity-transmission-network","host":"energydata.info","source":{"key":"opendata","label":"Open data"},"year":"2009","licence":"cc-by-4.0","types":["dataset"],"subregions":[]}]}},{"type":"Feature","properties":{"name":"Dem. Rep. Congo","count":2,"capacity":1,"types":["dataset","report","capacitydata"],"datasets":[{"title":"Medium-voltage distribution predictive model outputs","url":"https://energydata.info/dataset/medium-voltage-distribution-predictive","host":"energydata.info","source":{"key":"opendata","label":"Open data"},"year":"2019","licence":"cc-by-4.0","types":["dataset"],"subregions":[]},{"title":"Regulator Report 2024","url":"https://are.gouv.cd/rapport-annuel-2024/","host":"are.gouv.cd","source":{"key":"gov","label":"Government"},"year":"2024","licence":"proprietary","types":["report","capacitydata"],"subregions":[]}]}},{"type":"Feature","properties":{"name":"Malawi","count":5,"capacity":0,"types":["dataset","map"],"datasets":[{"title":"Medium-voltage distribution predictive model outputs","url":"https://energydata.info/dataset/medium-voltage-distribution-predictive","host":"energydata.info","source":{"key":"opendata","label":"Open data"},"year":"2019","licence":"cc-by-4.0","types":["dataset"],"subregions":[]},{"title":"Assessing the Resilience of Malawi’s Power Grid","url":"https://www.researchgate.net/publication/392748044_Assessing_the_Resilience_of_Malawi's_Power_Grid_to_the_2022_Tropical_Cyclone_Ana_Using_a_Combination_of_the_AFLEPT_Metric_Framework_and_Resilience_Capacities","host":"researchgate.net","source":{"key":"academic","label":"Academic"},"year":"2025","licence":null,"types":["map"],"subregions":[]},{"title":"Malawi electricity transmission network - AICD","url":"https://energydata.info/dataset/malawi-electricity-transmission-network","host":"energydata.info","source":{"key":"opendata","label":"Open data"},"year":"2009","licence":"cc-by-4.0","types":["dataset"],"subregions":[]},{"title":"ESCOM - transmission line asset register","url":"https://www.escom.mw/transmission-appendix-1/","host":"escom.mw","source":{"key":"operator","label":"Operator / TSO"},"year":null,"licence":null,"types":["dataset"],"subregions":[]},{"title":"ESCOM - transmission substations","url":"https://www.escom.mw/transmission-substations/","host":"escom.mw","source":{"key":"operator","label":"Operator / TSO"},"year":null,"licence":null,"types":["dataset"],"subregions":[]}]}},{"type":"Feature","properties":{"name":"Nigeria","count":12,"capacity":1,"types":["dataset","map","capacitydata","other"],"datasets":[{"title":"Medium-voltage distribution predictive model outputs","url":"https://energydata.info/dataset/medium-voltage-distribution-predictive","host":"energydata.info","source":{"key":"opendata","label":"Open data"},"year":"2019","licence":"cc-by-4.0","types":["dataset"],"subregions":[]},{"title":"West African Power Pool (WAPP)","url":"https://www.ecowapp.org/sites/default/files/wapp_map_general_optimized.gif","host":"ecowapp.org","source":{"key":"operator","label":"Operator / TSO"},"year":"2017","licence":null,"types":["map"],"subregions":[]},{"title":"Dataset for the Nigerian 50-Bus 330 kV Power Grid","url":"https://zenodo.org/records/12091189","host":"zenodo.org","source":{"key":"academic","label":"Academic"},"year":"2017","licence":"CC-BY-4.0","types":["dataset","capacitydata"],"subregions":[]},{"title":"Details of Power Plants Existing and Planned - 2020 to 2030","url":"https://web.archive.org/web/20220826200109/https://data.nigeriase4all.gov.ng/documents/357/download","host":"web.archive.org","source":{"key":"archive","label":"Archived"},"year":null,"licence":null,"types":["dataset"],"subregions":[]},{"title":"Substations dataset","url":"https://data.grid3.org/datasets/4eed11fbbdd34779be446296208c6cbe_0/explore?location=7.753760%2C7.255227%2C6.99","host":"data.grid3.org","source":{"key":"operator","label":"Operator / TSO"},"year":"2025","licence":"CC-BY-4.0","types":["map","dataset"],"subregions":[]},{"title":"Nigeriase4all - Power sector data explorer","url":"https://apps.nigeriase4all.gov.ng/power-sector?grid_buffer=4.5&state=oyo","host":"apps.nigeriase4all.gov.ng","source":{"key":"gov","label":"Government"},"year":null,"licence":null,"types":["map"],"subregions":[]},{"title":"THE ENERGY YEAR - Nigeria Grid Map","url":"https://d3jmgibn6sgz2k.cloudfront.net/wp-content/uploads/2021/11/09164603/TCN_Nigeria21.pdf","host":"d3jmgibn6sgz2k.cloudfront.net","source":{"key":"operator","label":"Operator / TSO"},"year":"2021","licence":null,"types":["map"],"subregions":[]},{"title":"Transmission Company - Offical Grid Map","url":"https://nsong.org/App_Themes/Blue/images/NationalGrid.png","host":"nsong.org","source":{"key":"operator","label":"Operator / TSO"},"year":null,"licence":null,"types":["map"],"subregions":[]},{"title":"Nigeria_Transmission_Lines","url":"https://services6.arcgis.com/OO2s4OoyCZkYJ6oE/ArcGIS/rest/services/Nigeria_Transmission_Lines/FeatureServer","host":"services6.arcgis.com","source":{"key":"opendata","label":"Open data"},"year":null,"licence":null,"types":["other"],"subregions":[]},{"title":"Nigeria electricity transmission network - World Bank revised package","url":"https://energydata.info/dataset/nigeria-electricity-transmission-network-2015","host":"energydata.info","source":{"key":"opendata","label":"Open data"},"year":"2017","licence":"cc-by-4.0","types":["dataset"],"subregions":[]},{"title":"KEDCO medium-voltage lines and transformers, Kano","url":"https://energydata.info/dataset/kano-electricity-distribution-plc-kedco-mv-lines-2016","host":"energydata.info","source":{"key":"opendata","label":"Open data"},"year":"2016","licence":"cc-by-4.0","types":["dataset"],"subregions":[]},{"title":"High-resolution high-voltage grid map based on machine learning","url":"https://energydata.info/dataset/nigeria-high-resolution-high-voltage-grid-map-based-machine-learning","host":"energydata.info","source":{"key":"opendata","label":"Open data"},"year":"2018","licence":"cc-by-4.0","types":["dataset"],"subregions":[]}]}},{"type":"Feature","properties":{"name":"Uganda","count":5,"capacity":0,"types":["dataset","map","report"],"datasets":[{"title":"Medium-voltage distribution predictive model outputs","url":"https://energydata.info/dataset/medium-voltage-distribution-predictive","host":"energydata.info","source":{"key":"opendata","label":"Open data"},"year":"2019","licence":"cc-by-4.0","types":["dataset"],"subregions":[]},{"title":"GIS for the Energy Sector","url":"https://energy-gis.ug/gis-maps","host":"energy-gis.ug","source":{"key":"operator","label":"Operator / TSO"},"year":null,"licence":null,"types":["map"],"subregions":[]},{"title":"Transmission Lines 2017 GeoJSON","url":"https://energydata.info/dataset/uganda-electricity-transmission-network-2017/resource/e2643a0e-bad9-4644-b925-f6bc3e3f1db9","host":"energydata.info","source":{"key":"opendata","label":"Open data"},"year":"2017","licence":"odbl","types":["dataset"],"subregions":[]},{"title":"Energydata Transmission Substations 2016","url":"https://energydata.info/dataset/transmission-substations-2016-operational","host":"energydata.info","source":{"key":"opendata","label":"Open data"},"year":"2019","licence":"cc-by-4.0","types":["dataset"],"subregions":[]},{"title":"UETCL - Grid Development Plan 2025-2040 and grid map","url":"https://uetcl.go.ug/2026/06/17/uetcl-grid-development-plan-2025-2040/","host":"uetcl.go.ug","source":{"key":"gov","label":"Government"},"year":"2026","licence":null,"types":["map","report"],"subregions":[]}]}},{"type":"Feature","properties":{"name":"Zambia","count":10,"capacity":1,"types":["dataset","report","capacitydata","map"],"datasets":[{"title":"Medium-voltage distribution predictive model outputs","url":"https://energydata.info/dataset/medium-voltage-distribution-predictive","host":"energydata.info","source":{"key":"opendata","label":"Open data"},"year":"2019","licence":"cc-by-4.0","types":["dataset"],"subregions":[]},{"title":"Integrated Resource Plan","url":"https://www.moe.gov.zm/wp-content/uploads/2023/12/IRP-Summary-Report_2023.12.05_Final.pdf","host":"moe.gov.zm","source":{"key":"gov","label":"Government"},"year":"2023","licence":null,"types":["report"],"subregions":[]},{"title":"Energydata Zambia Overhead MV Distribution Lines","url":"https://energydata.info/dataset/zambia-overhead-mv-distribution-lines","host":"energydata.info","source":{"key":"opendata","label":"Open data"},"year":"2022","licence":"cc0","types":["dataset"],"subregions":[]},{"title":"Energydata Zambia Base case grid extensions","url":"https://energydata.info/dataset/zambia-base-case-grid-extensions","host":"energydata.info","source":{"key":"opendata","label":"Open data"},"year":"2022","licence":"cc0","types":["dataset"],"subregions":[]},{"title":"Energydata Zambia Power plants","url":"https://energydata.info/dataset/zambia---power-plants--2015-","host":"energydata.info","source":{"key":"opendata","label":"Open data"},"year":"2018","licence":"cc0","types":["dataset"],"subregions":[]},{"title":"Energydata Zambia Electrical Transformers And Substations","url":"https://energydata.info/dataset/zambia-electrical-transformers-and-substations-point","host":"energydata.info","source":{"key":"opendata","label":"Open data"},"year":"2023","licence":"cc-by-4.0","types":["dataset"],"subregions":[]},{"title":"Energydata Zambia Electricity Transmission Network","url":"https://energydata.info/dataset/zambia-electricity-transmission-network-2014","host":"energydata.info","source":{"key":"opendata","label":"Open data"},"year":"2014","licence":"cc-by-4.0","types":["dataset"],"subregions":[]},{"title":"Renewable Energy Assets","url":"https://www.zesco.co.zm/assets/renewable_energy_assets/data/","host":"zesco.co.zm","source":{"key":"operator","label":"Operator / TSO"},"year":"2026","licence":null,"types":["dataset","capacitydata"],"subregions":[]},{"title":"Renewable Energy","url":"https://www.zesco.co.zm/hosting_capacity.php","host":"zesco.co.zm","source":{"key":"operator","label":"Operator / TSO"},"year":null,"licence":null,"types":["dataset","map"],"subregions":[]},{"title":"Energy Regulation Board - 2024 Annual Statistical Bulletin","url":"https://www.erb.org.zm/wp-content/uploads/files/statBullet2024.pdf","host":"erb.org.zm","source":{"key":"operator","label":"Operator / TSO"},"year":"2025","licence":null,"types":["report"],"subregions":[]}]}},{"type":"Feature","properties":{"name":"Algeria","count":2,"capacity":1,"types":["other","report","capacitydata"],"datasets":[{"title":"Algeria-Tunisia Electricity Grid Map","url":"https://www.scribd.com/doc/246498343/North-Africa-Electricity-Grid-Map","host":"scribd.com","source":{"key":"academic","label":"Academic"},"year":null,"licence":null,"types":["other"],"subregions":[]},{"title":"Sonelgaz - Plan de développement 2021-2030","url":"https://www.sonelgaz.dz/fr/835/plan-de-developpement-2021-2030","host":"sonelgaz.dz","source":{"key":"operator","label":"Operator / TSO"},"year":"2021","licence":null,"types":["report","capacitydata"],"subregions":[]}]}},{"type":"Feature","properties":{"name":"Libya","count":2,"capacity":0,"types":["other","map"],"datasets":[{"title":"Algeria-Tunisia Electricity Grid Map","url":"https://www.scribd.com/doc/246498343/North-Africa-Electricity-Grid-Map","host":"scribd.com","source":{"key":"academic","label":"Academic"},"year":null,"licence":null,"types":["other"],"subregions":[]},{"title":"National Grid","url":"https://www.geni.org/globalenergy/library/national_energy_grid/libya/index.shtml","host":"geni.org","source":{"key":"operator","label":"Operator / TSO"},"year":null,"licence":null,"types":["map"],"subregions":[]}]}},{"type":"Feature","properties":{"name":"Tunisia","count":3,"capacity":0,"types":["other","report","map"],"datasets":[{"title":"Algeria-Tunisia Electricity Grid Map","url":"https://www.scribd.com/doc/246498343/North-Africa-Electricity-Grid-Map","host":"scribd.com","source":{"key":"academic","label":"Academic"},"year":null,"licence":null,"types":["other"],"subregions":[]},{"title":"Data Collection Survey On Power Sector - 2022","url":"https://openjicareport.jica.go.jp/pdf/12342283.pdf","host":"openjicareport.jica.go.jp","source":{"key":"gov","label":"Government"},"year":"2022","licence":null,"types":["report"],"subregions":[]},{"title":"STEG - Réseau de production et de transport d'énergie électrique 2023","url":"https://www.steg.com.tn/system/files/pdf/reseau_elec_2023.pdf","host":"steg.com.tn","source":{"key":"operator","label":"Operator / TSO"},"year":"2023","licence":null,"types":["map"],"subregions":[]}]}},{"type":"Feature","properties":{"name":"Angola","count":3,"capacity":1,"types":["report","map","other","capacitydata"],"datasets":[{"title":"Rapid Assessment and Gap Analysis","url":"https://www.seforall.org/sites/default/files/l/2015/05/Angola_RAGA.pdf","host":"seforall.org","source":{"key":"operator","label":"Operator / TSO"},"year":"2015","licence":null,"types":["report"],"subregions":[]},{"title":"Mapa de Rede","url":"http://www.rnt.co.ao/mapa-da-rede/","host":"rnt.co.ao","source":{"key":"operator","label":"Operator / TSO"},"year":"2024","licence":null,"types":["map"],"subregions":[]},{"title":"Angola Southern Transmission Network Expansion / ANNA Transmission Interconnection","url":"https://www.rnt.co.ao/media/sdnnsiyq/1006240-anna-sep-sept2024_clean2.pdf","host":"rnt.co.ao","source":{"key":"operator","label":"Operator / TSO"},"year":"2024","licence":null,"types":["other","capacitydata"],"subregions":[]}]}},{"type":"Feature","properties":{"name":"Namibia","count":3,"capacity":1,"types":["other","capacitydata","report","dataset"],"datasets":[{"title":"Angola Southern Transmission Network Expansion / ANNA Transmission Interconnection","url":"https://www.rnt.co.ao/media/sdnnsiyq/1006240-anna-sep-sept2024_clean2.pdf","host":"rnt.co.ao","source":{"key":"operator","label":"Operator / TSO"},"year":"2024","licence":null,"types":["other","capacitydata"],"subregions":[]},{"title":"NamPower’s 2024 Integrated Annual Report","url":"https://www.nampower.com.na/public/docs/annual-reports/NamPower_Integrated_Annual_Report_2024.pdf","host":"nampower.com.na","source":{"key":"operator","label":"Operator / TSO"},"year":"2024","licence":null,"types":["report"],"subregions":[]},{"title":"NamPower Open GIS Data","url":"https://www.nampower.com.na/Page.aspx?p=192#:~:text=Shapefiles%20","host":"nampower.com.na","source":{"key":"operator","label":"Operator / TSO"},"year":"2025","licence":null,"types":["dataset"],"subregions":[]}]}},{"type":"Feature","properties":{"name":"Benin","count":2,"capacity":0,"types":["map","dataset"],"datasets":[{"title":"West African Power Pool (WAPP)","url":"https://www.ecowapp.org/sites/default/files/wapp_map_general_optimized.gif","host":"ecowapp.org","source":{"key":"operator","label":"Operator / TSO"},"year":"2017","licence":null,"types":["map"],"subregions":[]},{"title":"CEB - transmission substation and transformer asset register","url":"https://www.cebnet.org/transport/","host":"cebnet.org","source":{"key":"operator","label":"Operator / TSO"},"year":null,"licence":null,"types":["dataset"],"subregions":[]}]}},{"type":"Feature","properties":{"name":"Burkina Faso","count":2,"capacity":0,"types":["map","dataset"],"datasets":[{"title":"West African Power Pool (WAPP)","url":"https://www.ecowapp.org/sites/default/files/wapp_map_general_optimized.gif","host":"ecowapp.org","source":{"key":"operator","label":"Operator / TSO"},"year":"2017","licence":null,"types":["map"],"subregions":[]},{"title":"Burkina Faso electricity transmission network - AICD","url":"https://energydata.info/dataset/burkina-faso-electricity-transmission-network","host":"energydata.info","source":{"key":"opendata","label":"Open data"},"year":"2009","licence":"cc-by-4.0","types":["dataset"],"subregions":[]}]}},{"type":"Feature","properties":{"name":"Ghana","count":7,"capacity":1,"types":["map","report","capacitydata","dataset"],"datasets":[{"title":"West African Power Pool (WAPP)","url":"https://www.ecowapp.org/sites/default/files/wapp_map_general_optimized.gif","host":"ecowapp.org","source":{"key":"operator","label":"Operator / TSO"},"year":"2017","licence":null,"types":["map"],"subregions":[]},{"title":"THE ENERGY YEAR - Ghana’s Transmission System","url":"https://d3jmgibn6sgz2k.cloudfront.net/wp-content/uploads/2022/02/03083842/The-Energy-Year-Ghana-2022-GRIDCo-Map.pdf","host":"d3jmgibn6sgz2k.cloudfront.net","source":{"key":"operator","label":"Operator / TSO"},"year":"2022","licence":"proprietary","types":["map"],"subregions":[]},{"title":"Electricity Supply Plan for the Ghana Power System","url":"https://gridcogh.com/wp-content/uploads/2022/07/2022-Electricity_Supply_Plan-1.pdf","host":"gridcogh.com","source":{"key":"operator","label":"Operator / TSO"},"year":"2022","licence":null,"types":["report"],"subregions":[]},{"title":"2025 Electricity Supply Plan for the Ghana Power System","url":"https://gridcogh.com/wp-content/uploads/2025/11/2025-Electricity-Supply-Plan-1.pdf","host":"gridcogh.com","source":{"key":"operator","label":"Operator / TSO"},"year":"2025","licence":null,"types":["report","capacitydata"],"subregions":[]},{"title":"Ghana electricity transmission network - AICD","url":"https://energydata.info/dataset/ghana-electricity-transmission-network","host":"energydata.info","source":{"key":"opendata","label":"Open data"},"year":"2009","licence":"cc-by-4.0","types":["dataset"],"subregions":[]},{"title":"Energy Commission - Ghana Energy Database national transmission grid map","url":"https://gheatoolkit.energycom.gov.gh/Maps","host":"gheatoolkit.energycom.gov.gh","source":{"key":"gov","label":"Government"},"year":null,"licence":null,"types":["map"],"subregions":[]},{"title":"Energy Commission - Ghana Energy Database power generation facilities map","url":"https://gheatoolkit.energycom.gov.gh/Maps/Displaymap?Datasetid=100&MaptypeID=1","host":"gheatoolkit.energycom.gov.gh","source":{"key":"gov","label":"Government"},"year":null,"licence":null,"types":["map"],"subregions":[]}]}},{"type":"Feature","properties":{"name":"Guinea","count":2,"capacity":0,"types":["map","dataset"],"datasets":[{"title":"West African Power Pool (WAPP)","url":"https://www.ecowapp.org/sites/default/files/wapp_map_general_optimized.gif","host":"ecowapp.org","source":{"key":"operator","label":"Operator / TSO"},"year":"2017","licence":null,"types":["map"],"subregions":[]},{"title":"Energydata Guinea Electricity Transmission Network 2014","url":"https://energydata.info/dataset/guinea-electricity-transmission-network-2014","host":"energydata.info","source":{"key":"opendata","label":"Open data"},"year":"2014","licence":"CC-BY-SA 4.0","types":["dataset"],"subregions":[]}]}},{"type":"Feature","properties":{"name":"Guinea-Bissau","count":1,"capacity":0,"types":["map"],"datasets":[{"title":"West African Power Pool (WAPP)","url":"https://www.ecowapp.org/sites/default/files/wapp_map_general_optimized.gif","host":"ecowapp.org","source":{"key":"operator","label":"Operator / TSO"},"year":"2017","licence":null,"types":["map"],"subregions":[]}]}},{"type":"Feature","properties":{"name":"Liberia","count":3,"capacity":0,"types":["map","dataset"],"datasets":[{"title":"West African Power Pool (WAPP)","url":"https://www.ecowapp.org/sites/default/files/wapp_map_general_optimized.gif","host":"ecowapp.org","source":{"key":"operator","label":"Operator / TSO"},"year":"2017","licence":null,"types":["map"],"subregions":[]},{"title":"Energydata Liberia Electric Substations","url":"https://energydata.info/dataset/liberia-electric-substations","host":"energydata.info","source":{"key":"opendata","label":"Open data"},"year":"2021","licence":"CC-BY-4.0","types":["dataset"],"subregions":[]},{"title":"Energydata Liberia Electricity Transmission Network","url":"https://energydata.info/dataset/liberia-electricity-transmission-network-2023","host":"energydata.info","source":{"key":"opendata","label":"Open data"},"year":"2023","licence":"cc-by-nc-4.0","types":["dataset"],"subregions":[]}]}},{"type":"Feature","properties":{"name":"Mali","count":2,"capacity":0,"types":["map","dataset"],"datasets":[{"title":"West African Power Pool (WAPP)","url":"https://www.ecowapp.org/sites/default/files/wapp_map_general_optimized.gif","host":"ecowapp.org","source":{"key":"operator","label":"Operator / TSO"},"year":"2017","licence":null,"types":["map"],"subregions":[]},{"title":"Mali electricity transmission network - AICD","url":"https://energydata.info/dataset/mali-electricity-transmission-network","host":"energydata.info","source":{"key":"opendata","label":"Open data"},"year":"2009","licence":"cc-by-4.0","types":["dataset"],"subregions":[]}]}},{"type":"Feature","properties":{"name":"Niger","count":2,"capacity":0,"types":["map","dataset"],"datasets":[{"title":"West African Power Pool (WAPP)","url":"https://www.ecowapp.org/sites/default/files/wapp_map_general_optimized.gif","host":"ecowapp.org","source":{"key":"operator","label":"Operator / TSO"},"year":"2017","licence":null,"types":["map"],"subregions":[]},{"title":"NIGELEC - CNE 1157 rural and peri-urban electrification project localities","url":"https://www.nigelec.ne/web/projet-cne-1157-afd","host":"nigelec.ne","source":{"key":"operator","label":"Operator / TSO"},"year":"2017","licence":null,"types":["dataset"],"subregions":[]}]}},{"type":"Feature","properties":{"name":"Senegal","count":4,"capacity":0,"types":["map","dataset","report"],"datasets":[{"title":"West African Power Pool (WAPP)","url":"https://www.ecowapp.org/sites/default/files/wapp_map_general_optimized.gif","host":"ecowapp.org","source":{"key":"operator","label":"Operator / TSO"},"year":"2017","licence":null,"types":["map"],"subregions":[]},{"title":"Power Grid Map of Senegal","url":"https://www.geosenegal.gouv.sn/carte-du-reseau-electrique-du-senegal.html","host":"geosenegal.gouv.sn","source":{"key":"gov","label":"Government"},"year":"2018","licence":null,"types":["map"],"subregions":[]},{"title":"Senegal electricity transmission network - AICD","url":"https://energydata.info/dataset/senegal-electricity-transmission-network","host":"energydata.info","source":{"key":"opendata","label":"Open data"},"year":"2009","licence":"cc-by-4.0","types":["dataset"],"subregions":[]},{"title":"GeoSenegal - PNADT 2035 strategic energy infrastructure map","url":"https://geosenegal.gouv.sn/infrastructures-energetiques-structurantes.html","host":"geosenegal.gouv.sn","source":{"key":"gov","label":"Government"},"year":"2018","licence":null,"types":["map","report"],"subregions":[]}]}},{"type":"Feature","properties":{"name":"Sierra Leone","count":2,"capacity":0,"types":["map","dataset"],"datasets":[{"title":"West African Power Pool (WAPP)","url":"https://www.ecowapp.org/sites/default/files/wapp_map_general_optimized.gif","host":"ecowapp.org","source":{"key":"operator","label":"Operator / TSO"},"year":"2017","licence":null,"types":["map"],"subregions":[]},{"title":"Sierra Leone existing transmission network - AICD","url":"https://energydata.info/dataset/sierra-leone-electricity-transmission-network","host":"energydata.info","source":{"key":"opendata","label":"Open data"},"year":"2009","licence":"cc-by-4.0","types":["dataset"],"subregions":[]}]}},{"type":"Feature","properties":{"name":"Togo","count":2,"capacity":0,"types":["map","dataset"],"datasets":[{"title":"West African Power Pool (WAPP)","url":"https://www.ecowapp.org/sites/default/files/wapp_map_general_optimized.gif","host":"ecowapp.org","source":{"key":"operator","label":"Operator / TSO"},"year":"2017","licence":null,"types":["map"],"subregions":[]},{"title":"CEB - transmission substation and transformer asset register","url":"https://www.cebnet.org/transport/","host":"cebnet.org","source":{"key":"operator","label":"Operator / TSO"},"year":null,"licence":null,"types":["dataset"],"subregions":[]}]}},{"type":"Feature","properties":{"name":"Gambia","count":1,"capacity":0,"types":["map"],"datasets":[{"title":"West African Power Pool (WAPP)","url":"https://www.ecowapp.org/sites/default/files/wapp_map_general_optimized.gif","host":"ecowapp.org","source":{"key":"operator","label":"Operator / TSO"},"year":"2017","licence":null,"types":["map"],"subregions":[]}]}},{"type":"Feature","properties":{"name":"Botswana","count":2,"capacity":0,"types":["map","report"],"datasets":[{"title":"Botswana Power Corporation - Generation Facilities, Transmission, Distribution grids","url":"https://www.bpc.bw/our-customer-base/","host":"bpc.bw","source":{"key":"operator","label":"Operator / TSO"},"year":null,"licence":"proprietary","types":["map"],"subregions":[]},{"title":"Transmission Grid Projects","url":"https://www.bpc.bw/portfolio-items/gaborone-power-project/","host":"bpc.bw","source":{"key":"operator","label":"Operator / TSO"},"year":null,"licence":"proprietary","types":["report"],"subregions":[]}]}},{"type":"Feature","properties":{"name":"Burundi","count":1,"capacity":0,"types":["other"],"datasets":[{"title":"Burundi Line Length","url":"https://www.mdpi.com/2504-3900/58/1/26","host":"mdpi.com","source":{"key":"academic","label":"Academic"},"year":"2018","licence":null,"types":["other"],"subregions":[]}]}},{"type":"Feature","properties":{"name":"Cameroon","count":3,"capacity":0,"types":["other","map","dataset"],"datasets":[{"title":"Plan Directeur d’Electrification Rurale","url":"https://rise.esmap.org/data/files/library/cameroon/Electricity%20Access/Cameroon_PDER.pdf","host":"rise.esmap.org","source":{"key":"operator","label":"Operator / TSO"},"year":null,"licence":null,"types":["other"],"subregions":[]},{"title":"Eneo Electrical Map","url":"https://eneocameroon.cm/index.php/en/l-entreprise-a-propos-d-eneo-l-entreprise-en/l-entreprise-a-propos-d-eneo-notre-carte-electrique-en","host":"eneocameroon.cm","source":{"key":"operator","label":"Operator / TSO"},"year":"2024","licence":null,"types":["map"],"subregions":[]},{"title":"Cameroon electricity transmission network - AICD","url":"https://energydata.info/dataset/cameroon-electricity-transmission-network","host":"energydata.info","source":{"key":"opendata","label":"Open data"},"year":"2009","licence":"cc-by-4.0","types":["dataset"],"subregions":[]}]}},{"type":"Feature","properties":{"name":"Egypt","count":1,"capacity":0,"types":["dataset"],"datasets":[{"title":"Egypt electricity transmission network","url":"https://energydata.info/dataset/egypt-electricity-transmission-network","host":"energydata.info","source":{"key":"opendata","label":"Open data"},"year":"2017","licence":"cc-by-4.0","types":["dataset"],"subregions":[]}]}},{"type":"Feature","properties":{"name":"eSwatini","count":5,"capacity":0,"types":["dataset"],"datasets":[{"title":"Energydata Eswatini Substations 2021","url":"https://energydata.info/dataset/eswatini-substations","host":"energydata.info","source":{"key":"opendata","label":"Open data"},"year":"2022","licence":null,"types":["dataset"],"subregions":[]},{"title":"Energydata Eswatini Grid Network 2022","url":"https://energydata.info/dataset/eswatini-grid-network","host":"energydata.info","source":{"key":"opendata","label":"Open data"},"year":"2023","licence":null,"types":["dataset"],"subregions":[]},{"title":"Energydata Eswatini Electricity Transmission Network 2009","url":"https://energydata.info/dataset/swaziland-electricity-transmission-network","host":"energydata.info","source":{"key":"opendata","label":"Open data"},"year":"2023","licence":"CC-BY-4.0","types":["dataset"],"subregions":[]},{"title":"Energydata Eswatini Power Plants","url":"https://energydata.info/dataset/swaziland-power-plants","host":"energydata.info","source":{"key":"opendata","label":"Open data"},"year":"2023","licence":"CC-BY-SA 4.0","types":["dataset"],"subregions":[]},{"title":"EEC - substation name and voltage register","url":"https://www.eec.co.sz/electricity/production/substations/","host":"eec.co.sz","source":{"key":"operator","label":"Operator / TSO"},"year":null,"licence":null,"types":["dataset"],"subregions":[]}]}},{"type":"Feature","properties":{"name":"Ethiopia","count":3,"capacity":0,"types":["dataset"],"datasets":[{"title":"Electric Power","url":"https://www.eep.com.et/?page_id=781","host":"eep.com.et","source":{"key":"operator","label":"Operator / TSO"},"year":null,"licence":null,"types":["dataset"],"subregions":[]},{"title":"Ethiopia electricity transmission network - AICD","url":"https://energydata.info/dataset/ethiopia-electricity-transmission-network","host":"energydata.info","source":{"key":"opendata","label":"Open data"},"year":"2009","licence":"cc-by-4.0","types":["dataset"],"subregions":[]},{"title":"Energydata Somalia Ethiopia interconnection","url":"https://energydata.info/dataset/somalia-ethiopia-interconnection","host":"energydata.info","source":{"key":"opendata","label":"Open data"},"year":"2023","licence":"CC-BY-4.0","types":["dataset"],"subregions":[]}]}},{"type":"Feature","properties":{"name":"Somalia","count":4,"capacity":0,"types":["dataset"],"datasets":[{"title":"Energydata Somalia Ethiopia interconnection","url":"https://energydata.info/dataset/somalia-ethiopia-interconnection","host":"energydata.info","source":{"key":"opendata","label":"Open data"},"year":"2023","licence":"CC-BY-4.0","types":["dataset"],"subregions":[]},{"title":"Mini-Grids With MV Lines","url":"https://energydata.info/dataset/somalia-mini-grids-with-mv-lines","host":"energydata.info","source":{"key":"opendata","label":"Open data"},"year":"2023","licence":"cc-by-4.0","types":["dataset"],"subregions":[]},{"title":"Energydata Somalia Transmission Backbone","url":"https://energydata.info/dataset/somalia-transmission-backbone","host":"energydata.info","source":{"key":"opendata","label":"Open data"},"year":"2023","licence":"cc-by-4.0","types":["dataset"],"subregions":[]},{"title":"Energydata Somalia Minigrids","url":"https://energydata.info/dataset/somalia-minigrids","host":"energydata.info","source":{"key":"opendata","label":"Open data"},"year":"2023","licence":"cc-by-4.0","types":["dataset"],"subregions":[]}]}},{"type":"Feature","properties":{"name":"Gabon","count":2,"capacity":0,"types":["dataset"],"datasets":[{"title":"Energydata Gabon Power Plants","url":"https://energydata.info/dataset/gabon-power-plants","host":"energydata.info","source":{"key":"opendata","label":"Open data"},"year":"2023","licence":"CC-BY-SA 4.0","types":["dataset"],"subregions":[]},{"title":"Energydata Gabon Electricity Transmission Network 2009","url":"https://energydata.info/dataset/gabon-electricity-transmission-network","host":"energydata.info","source":{"key":"opendata","label":"Open data"},"year":"2024","licence":"CC-BY-4.0","types":["dataset"],"subregions":[]}]}},{"type":"Feature","properties":{"name":"Kenya","count":4,"capacity":0,"types":["dataset","report","map"],"datasets":[{"title":"Energydata Kenya Electricity Network","url":"https://energydata.info/dataset/kenya-kenya-electricity-network","host":"energydata.info","source":{"key":"opendata","label":"Open data"},"year":"2021","licence":"cc0","types":["dataset"],"subregions":[]},{"title":"Energydata Kenya Transmission Stations","url":"https://energydata.info/dataset/kenya-transmission-stations","host":"energydata.info","source":{"key":"opendata","label":"Open data"},"year":"2020","licence":"cc0","types":["dataset"],"subregions":[]},{"title":"Energydata Kenya Primary Substations","url":"https://energydata.info/dataset/kenya-primary-substations","host":"energydata.info","source":{"key":"opendata","label":"Open data"},"year":"2024","licence":"CC-BY-4.0","types":["dataset"],"subregions":[]},{"title":"KETRACO Transmission Master Plan 2023/2042","url":"https://drive.google.com/file/d/1p_j3pJT4sdOcxo1Msfo180yLEQYjj8hA/view","host":"drive.google.com","source":{"key":"operator","label":"Operator / TSO"},"year":"2023","licence":null,"types":["report","map"],"subregions":[]}]}},{"type":"Feature","properties":{"name":"Lesotho","count":1,"capacity":0,"types":["dataset"],"datasets":[{"title":"Lesotho electricity transmission network","url":"https://energydata.info/dataset/lesotho-electricity-transmission-network","host":"energydata.info","source":{"key":"opendata","label":"Open data"},"year":"2017","licence":"cc-by-4.0","types":["dataset"],"subregions":[]}]}},{"type":"Feature","properties":{"name":"Madagascar","count":3,"capacity":0,"types":["dataset","report","map"],"datasets":[{"title":"Energydata Madagascar planned transmission network 2017","url":"https://energydata.info/dataset/madagascar-planned-transmission-network-2017","host":"energydata.info","source":{"key":"opendata","label":"Open data"},"year":"2017","licence":"cc0","types":["dataset"],"subregions":[]},{"title":"Planification géospatiale-map page 23","url":"https://meh.mg/wp-content/uploads/2022/07/R5-Planification-Geospatiale-Rapport-final-V12-Annexe.pdf","host":"meh.mg","source":{"key":"operator","label":"Operator / TSO"},"year":"2022","licence":null,"types":["report","map"],"subregions":[]},{"title":"Madagascar existing transmission network - AICD","url":"https://energydata.info/dataset/madagascar-electricity-transmission-network","host":"energydata.info","source":{"key":"opendata","label":"Open data"},"year":"2009","licence":"cc-by-4.0","types":["dataset"],"subregions":[]}]}},{"type":"Feature","properties":{"name":"Mauritania","count":2,"capacity":0,"types":["dataset","report"],"datasets":[{"title":"Energydata Mauritania Existing Grid","url":"https://energydata.info/dataset/mauritania-existing-grid","host":"energydata.info","source":{"key":"opendata","label":"Open data"},"year":"2023","licence":"cc0","types":["dataset"],"subregions":[]},{"title":"Annual Report with Map TSO","url":"https://somelec.mr/sites/default/files/TDR%20Audit_annuel_de_performance_ES_2025_2026_2027.pdf","host":"somelec.mr","source":{"key":"operator","label":"Operator / TSO"},"year":"2025","licence":null,"types":["report"],"subregions":[]}]}},{"type":"Feature","properties":{"name":"Morocco","count":3,"capacity":1,"types":["dataset","map","capacitydata"],"datasets":[{"title":"Electricity Transmission Network","url":"https://energydata.info/dataset/morocco-electricity-transmission-network","host":"energydata.info","source":{"key":"opendata","label":"Open data"},"year":"2025","licence":"CC-BY-4.0","types":["dataset"],"subregions":[]},{"title":"ANRE - Plateforme de la capacité d'accueil 2026-2030","url":"https://anre.ma/regulations/capacite-daccueil/","host":"anre.ma","source":{"key":"operator","label":"Operator / TSO"},"year":"2026","licence":null,"types":["map","capacitydata"],"subregions":[]},{"title":"Kharita - Réseau électrique et énergies renouvelables du Maroc, OpenStreetMap extract","url":"https://lekharita.com/blog/reseau-electrique-et-energies-renouvelables-du-maroc-en-donnees-ouvertes","host":"lekharita.com","source":{"key":"operator","label":"Operator / TSO"},"year":"2026","licence":"odbl","types":["dataset"],"subregions":[]}]}},{"type":"Feature","properties":{"name":"Mozambique","count":3,"capacity":0,"types":["report","map","dataset"],"datasets":[{"title":"Eletricidade de Moçambique - Priorities 2021-2030","url":"https://www.edm.co.mz/projectos","host":"edm.co.mz","source":{"key":"operator","label":"Operator / TSO"},"year":"2022","licence":null,"types":["report"],"subregions":[]},{"title":"ANNUAL STATISTICAL REPORT","url":"https://www.edm.flexibihost.com/en/document/reports/relat%C3%B3rio-anual-de-estat%C3%ADsticaannual-estatistical-report","host":"edm.flexibihost.com","source":{"key":"operator","label":"Operator / TSO"},"year":"2024","licence":null,"types":["report","map"],"subregions":[]},{"title":"Mozambique electricity transmission network - AICD","url":"https://energydata.info/dataset/mozambique-electricity-transmission-network","host":"energydata.info","source":{"key":"opendata","label":"Open data"},"year":"2009","licence":"cc-by-4.0","types":["dataset"],"subregions":[]}]}},{"type":"Feature","properties":{"name":"Congo","count":1,"capacity":0,"types":["other"],"datasets":[{"title":"Schéma Directeur Transport","url":"https://rise.esmap.org/data/files/library/congo%2C-dem.-rep./Electricity%20Access/Congo_Schemas%20directeur%20de%20transport_2016.pdf","host":"rise.esmap.org","source":{"key":"operator","label":"Operator / TSO"},"year":null,"licence":null,"types":["other"],"subregions":[]}]}},{"type":"Feature","properties":{"name":"Rwanda","count":4,"capacity":0,"types":["report","dataset","map"],"datasets":[{"title":"Transmission Development Plan 2023-2030","url":"https://www.reg.rw/fileadmin/user_upload/Updated_Rwanda_Electricity_Transmission_Development_Plan_-_June_2023.pdf","host":"reg.rw","source":{"key":"operator","label":"Operator / TSO"},"year":"2023","licence":null,"types":["report"],"subregions":[]},{"title":"Energydata Rwanda Power plants","url":"https://energydata.info/dataset/rwanda-power-plants","host":"energydata.info","source":{"key":"opendata","label":"Open data"},"year":"2018","licence":"cc0","types":["dataset"],"subregions":[]},{"title":"Map","url":"https://www.reg.rw/what-we-do/transmission/","host":"reg.rw","source":{"key":"operator","label":"Operator / TSO"},"year":null,"licence":null,"types":["map"],"subregions":[]},{"title":"Rwanda Electricity Distribution Master Plan June 2024","url":"https://www.reg.rw/fileadmin/user_upload/Rwanda_Electricity_Distribution_Master_Plan_June_2024_Version__13_08_2024_clean_signed_gn.pdf","host":"reg.rw","source":{"key":"operator","label":"Operator / TSO"},"year":"2024","licence":null,"types":["report"],"subregions":[]}]}},{"type":"Feature","properties":{"name":"South Africa","count":8,"capacity":2,"types":["dataset","capacitydata","report","map"],"datasets":[{"title":"National Transmission Company - Generation Connection Capacity Assessment","url":"https://app.powerbi.com/view?r=eyJrIjoiMGY3ODI4NWQtMWZkMS00YjJjLTk1YTUtOWEyYTk0NDdhMWQ3IiwidCI6IjkzYWVkYmRjLWNjNjctNDY1Mi1hYTEyLWQyNTBhODc2YWU3OSIsImMiOjh9","host":"app.powerbi.com","source":{"key":"operator","label":"Operator / TSO"},"year":"2025","licence":null,"types":["dataset","capacitydata"],"subregions":[]},{"title":"National Transmission Company - Transmission Development Plan 2025","url":"https://www.ntcsa.co.za/wp-content/uploads/2024/11/TDP2024_Public_Forum_Presentation_30Oct2024_Final_Pack_Rev1.pdf","host":"ntcsa.co.za","source":{"key":"operator","label":"Operator / TSO"},"year":"2024","licence":null,"types":["report"],"subregions":[]},{"title":"Main Transmission System Lines in South Africa","url":"https://psfsogdc.maps.arcgis.com/home/item.html?id=02edf95a544641eaa79b3761848bd3a8#:~:text=URL%3A%20https%3A%2F%2Fpsfsogdc","host":"psfsogdc.maps.arcgis.com","source":{"key":"opendata","label":"Open data"},"year":"2024","licence":null,"types":["map","dataset"],"subregions":[]},{"title":"City of Cape Town - electricity substations","url":"https://citymaps.capetown.gov.za/agsext/rest/services/Theme_Based/Wayleave_Infrastructure/MapServer/4","host":"citymaps.capetown.gov.za","source":{"key":"gov","label":"Government"},"year":null,"licence":null,"types":["dataset"],"subregions":["Western Cape"]},{"title":"City of Cape Town - overhead conductors and underground cables","url":"https://citymaps.capetown.gov.za/agsext/rest/services/Theme_Based/Wayleave_Infrastructure/MapServer/5","host":"citymaps.capetown.gov.za","source":{"key":"gov","label":"Government"},"year":null,"licence":null,"types":["dataset"],"subregions":["Western Cape"]},{"title":"City of Cape Town - electricity districts and supply-authority boundaries","url":"https://citymaps.capetown.gov.za/agsext/rest/services/Theme_Based/Wayleave_Infrastructure/MapServer/7","host":"citymaps.capetown.gov.za","source":{"key":"gov","label":"Government"},"year":null,"licence":null,"types":["dataset"],"subregions":["Western Cape"]},{"title":"City of Cape Town - electricity distribution capacity areas","url":"https://odp-cctegis.opendata.arcgis.com/datasets/electricity-distribution-capacity/explore?showTable=true","host":"odp-cctegis.opendata.arcgis.com","source":{"key":"opendata","label":"Open data"},"year":"2026","licence":null,"types":["capacitydata","dataset","map"],"subregions":["Western Cape"]},{"title":"City of Cape Town - main substations load profiles","url":"https://odp-cctegis.opendata.arcgis.com/datasets/main-substations-load-profiles-1","host":"odp-cctegis.opendata.arcgis.com","source":{"key":"opendata","label":"Open data"},"year":"2026","licence":null,"types":["dataset"],"subregions":["Western Cape"]}]}},{"type":"Feature","properties":{"name":"Tanzania","count":6,"capacity":1,"types":["report","capacitydata","dataset","other"],"datasets":[{"title":"Power System master Plan 2020","url":"https://www.tanesco.co.tz/attachments/investments/investment_reports/WiYQwYs5IKHKkgiIEGW8WS0wqf_nsG3K_POWER%20SYSTEM%20MASTER%20PLAN%202020%20UPDATE_2023_09_12_07_39_38.pdf","host":"tanesco.co.tz","source":{"key":"operator","label":"Operator / TSO"},"year":"2023","licence":null,"types":["report","capacitydata"],"subregions":[]},{"title":"Energydata Tanzania","url":"https://energydata.info/dataset/?q=Tanzania","host":"energydata.info","source":{"key":"opendata","label":"Open data"},"year":null,"licence":null,"types":["dataset"],"subregions":[]},{"title":"Tracking SDG 7 - United Republic of Tanzania","url":"https://trackingsdg7.esmap.org/country/united-republic-tanzania","host":"trackingsdg7.esmap.org","source":{"key":"operator","label":"Operator / TSO"},"year":null,"licence":null,"types":["report"],"subregions":[]},{"title":"RISE Esmap","url":"https://rise.esmap.org/country/tanzania","host":"rise.esmap.org","source":{"key":"operator","label":"Operator / TSO"},"year":null,"licence":null,"types":["report"],"subregions":[]},{"title":"Improving Sustainability of the Power Sector and Accelerating Electricity Access: A Proposed WBG Roadmap","url":"https://documents1.worldbank.org/curated/en/099061424235032922/pdf/P17965415d283b02819dcb198dabea9914a.pdf","host":"documents1.worldbank.org","source":{"key":"operator","label":"Operator / TSO"},"year":null,"licence":null,"types":["other"],"subregions":[]},{"title":"Power plants","url":"https://energydata.info/dataset/tanzania---power-plants--2015-","host":"energydata.info","source":{"key":"opendata","label":"Open data"},"year":"2018","licence":"cc0","types":["dataset"],"subregions":[]}]}},{"type":"Feature","properties":{"name":"Zimbabwe","count":2,"capacity":0,"types":["report","other"],"datasets":[{"title":"Energy Profile","url":"https://www.zvei.org/fileadmin/user_upload/Themen/Maerkte_Recht/Aussenwirtschaft/Afrika/Simbabwe/Simbabwe-EZ-Elektro-Energie-Rohstoffe/Energy_Profile_Zimbabwe.pdf","host":"zvei.org","source":{"key":"operator","label":"Operator / TSO"},"year":null,"licence":null,"types":["report"],"subregions":[]},{"title":"GIS Power Plants","url":"https://www.arcgis.com/apps/dashboards/9aed668320794218814af40b946d8184","host":"arcgis.com","source":{"key":"opendata","label":"Open data"},"year":null,"licence":null,"types":["other"],"subregions":[]}]}},{"type":"Feature","properties":{"name":"Kuwait","count":1,"capacity":0,"types":["report"],"datasets":[{"title":"Gulf Cooperation Council Interconnection Authority","url":"https://gccia.com.sa/gccia-grid/our-existing-network/","host":"gccia.com.sa","source":{"key":"operator","label":"Operator / TSO"},"year":null,"licence":null,"types":["report"],"subregions":[]}]}},{"type":"Feature","properties":{"name":"Oman","count":3,"capacity":1,"types":["report","map","capacitydata"],"datasets":[{"title":"Gulf Cooperation Council Interconnection Authority","url":"https://gccia.com.sa/gccia-grid/our-existing-network/","host":"gccia.com.sa","source":{"key":"operator","label":"Operator / TSO"},"year":null,"licence":null,"types":["report"],"subregions":[]},{"title":"Oman - Report GIS Data Governance Is Key to OETC's Success","url":"https://www.esri.com/en-us/lg/industry/electric-and-gas/stories/oetc-case-study","host":"esri.com","source":{"key":"operator","label":"Operator / TSO"},"year":"2023","licence":null,"types":["map"],"subregions":[]},{"title":"OETC 5-Year Annual Transmission Capability Statement 2025-2029","url":"https://www.omangrid.com/en/Report/OETC%205%20Year%20Annual%20Transmission%20Capability%20Statement%202025-2029.pdf","host":"omangrid.com","source":{"key":"operator","label":"Operator / TSO"},"year":"2025","licence":null,"types":["report","capacitydata"],"subregions":[]}]}},{"type":"Feature","properties":{"name":"Qatar","count":3,"capacity":1,"types":["report","dataset","capacitydata"],"datasets":[{"title":"Gulf Cooperation Council Interconnection Authority","url":"https://gccia.com.sa/gccia-grid/our-existing-network/","host":"gccia.com.sa","source":{"key":"operator","label":"Operator / TSO"},"year":null,"licence":null,"types":["report"],"subregions":[]},{"title":"State of Qatar Open Data - Electricity Sub-Stations by Voltage Level","url":"https://www.data.gov.qa/explore/dataset/electricity-sub-stations-by-voltage-level/map/","host":"data.gov.qa","source":{"key":"gov","label":"Government"},"year":null,"licence":null,"types":["dataset","capacitydata"],"subregions":[]},{"title":"KAHRAMAA publications and electricity-sector pages","url":"https://km.qa/MediaCenter/Pages/Publications.aspx","host":"km.qa","source":{"key":"operator","label":"Operator / TSO"},"year":null,"licence":null,"types":["report"],"subregions":[]}]}},{"type":"Feature","properties":{"name":"Saudi Arabia","count":3,"capacity":1,"types":["report","capacitydata"],"datasets":[{"title":"Gulf Cooperation Council Interconnection Authority","url":"https://gccia.com.sa/gccia-grid/our-existing-network/","host":"gccia.com.sa","source":{"key":"operator","label":"Operator / TSO"},"year":null,"licence":null,"types":["report"],"subregions":[]},{"title":"Unfolding Power Sector Reform: Features, Challenges and Opportunities for Market Integration","url":"https://www.researchgate.net/publication/342412075_Saudi_Arabia's_Unfolding_Power_Sector_Reform_Features_Challenges_and_Opportunities_for_Market_Integration","host":"researchgate.net","source":{"key":"academic","label":"Academic"},"year":"2020","licence":"proprietary","types":["report"],"subregions":[]},{"title":"National Grid SA Annual Report 2024","url":"https://www.se.com.sa/-/media/sec/About-Us/National-Grid-SA/Annual-Reports/English/NG-Annual-report-2024-5.ashx","host":"se.com.sa","source":{"key":"operator","label":"Operator / TSO"},"year":"2024","licence":null,"types":["report","capacitydata"],"subregions":[]}]}},{"type":"Feature","properties":{"name":"United Arab Emirates","count":1,"capacity":0,"types":["report"],"datasets":[{"title":"Gulf Cooperation Council Interconnection Authority","url":"https://gccia.com.sa/gccia-grid/our-existing-network/","host":"gccia.com.sa","source":{"key":"operator","label":"Operator / TSO"},"year":null,"licence":null,"types":["report"],"subregions":[]}]}},{"type":"Feature","properties":{"name":"Kazakhstan","count":3,"capacity":1,"types":["report","map","capacitydata"],"datasets":[{"title":"Cooperation of energy systems in Central Asia","url":"https://www.newscentralasia.net/2024/06/13/sotrudnichestvo-energeticheskikh-sistem-v-tsentralnoy-azii","host":"newscentralasia.net","source":{"key":"operator","label":"Operator / TSO"},"year":"2024","licence":null,"types":["report"],"subregions":[]},{"title":"Electrical networks","url":"https://www.kegoc.kz/electric-power/natsionalnaya-energosistema/%D0%9A%D0%B0%D1%80%D1%82%D0%B0%20%D1%81%D1%85%D0%B5%D0%BC%D0%B0%20%D0%95%D0%AD%D0%A1%20%D0%9A%D0%B0%D0%B7%D0%B0%D1%85%D1%81%D1%82%D0%B0%D0%BD%D0%B0-2025%20%D0%B4%D0%BB%D1%8F%20%D1%81%D0%B0%D0%B9%D1%82%D0%B0%20en.%20cdr.pdf","host":"kegoc.kz","source":{"key":"operator","label":"Operator / TSO"},"year":"2025","licence":null,"types":["map"],"subregions":[]},{"title":"MES branches (includes capacity data for lines in each regions docx)","url":"https://www.kegoc.kz/en/about/struktura-kompanii/filialy-mes/?region0","host":"kegoc.kz","source":{"key":"operator","label":"Operator / TSO"},"year":null,"licence":null,"types":["capacitydata"],"subregions":[]}]}},{"type":"Feature","properties":{"name":"Kyrgyzstan","count":3,"capacity":0,"types":["report","map"],"datasets":[{"title":"Cooperation of energy systems in Central Asia","url":"https://www.newscentralasia.net/2024/06/13/sotrudnichestvo-energeticheskikh-sistem-v-tsentralnoy-azii","host":"newscentralasia.net","source":{"key":"operator","label":"Operator / TSO"},"year":"2024","licence":null,"types":["report"],"subregions":[]},{"title":"Transmission Grid","url":"https://kaktus.media/doc/444230_tyrkmenistan_bydet_davat_elektroenergiu_kyrgyzstany_gde_logika_mneniia_ekspertov.html","host":"kaktus.media","source":{"key":"operator","label":"Operator / TSO"},"year":"2020","licence":null,"types":["map"],"subregions":[]},{"title":"HP:CA - A geodatabase on hydropower plants in Central Asia","url":"https://zenodo.org/records/13320645","host":"zenodo.org","source":{"key":"academic","label":"Academic"},"year":"2025","licence":"cc-by-4.0","types":["map"],"subregions":[]}]}},{"type":"Feature","properties":{"name":"Tajikistan","count":3,"capacity":0,"types":["report","map"],"datasets":[{"title":"Cooperation of energy systems in Central Asia","url":"https://www.newscentralasia.net/2024/06/13/sotrudnichestvo-energeticheskikh-sistem-v-tsentralnoy-azii","host":"newscentralasia.net","source":{"key":"operator","label":"Operator / TSO"},"year":"2024","licence":null,"types":["report"],"subregions":[]},{"title":"Transmission Grid","url":"https://kaktus.media/doc/444230_tyrkmenistan_bydet_davat_elektroenergiu_kyrgyzstany_gde_logika_mneniia_ekspertov.html","host":"kaktus.media","source":{"key":"operator","label":"Operator / TSO"},"year":"2020","licence":null,"types":["map"],"subregions":[]},{"title":"HP:CA - A geodatabase on hydropower plants in Central Asia","url":"https://zenodo.org/records/13320645","host":"zenodo.org","source":{"key":"academic","label":"Academic"},"year":"2025","licence":"cc-by-4.0","types":["map"],"subregions":[]}]}},{"type":"Feature","properties":{"name":"Turkmenistan","count":4,"capacity":0,"types":["report","map"],"datasets":[{"title":"Cooperation of energy systems in Central Asia","url":"https://www.newscentralasia.net/2024/06/13/sotrudnichestvo-energeticheskikh-sistem-v-tsentralnoy-azii","host":"newscentralasia.net","source":{"key":"operator","label":"Operator / TSO"},"year":"2024","licence":null,"types":["report"],"subregions":[]},{"title":"Transmission Grid","url":"https://kaktus.media/doc/444230_tyrkmenistan_bydet_davat_elektroenergiu_kyrgyzstany_gde_logika_mneniia_ekspertov.html","host":"kaktus.media","source":{"key":"operator","label":"Operator / TSO"},"year":"2020","licence":null,"types":["map"],"subregions":[]},{"title":"HP:CA - A geodatabase on hydropower plants in Central Asia","url":"https://zenodo.org/records/13320645","host":"zenodo.org","source":{"key":"academic","label":"Academic"},"year":"2025","licence":"cc-by-4.0","types":["map"],"subregions":[]},{"title":"ADB Project","url":"https://www.adb.org/sites/default/files/project-documents/49370/49370-002-sddr-en.pdf","host":"adb.org","source":{"key":"operator","label":"Operator / TSO"},"year":null,"licence":null,"types":["map"],"subregions":[]}]}},{"type":"Feature","properties":{"name":"Afghanistan","count":3,"capacity":0,"types":["map"],"datasets":[{"title":"Current and planned transmission grid - High Res","url":"https://web.archive.org/web/20250219203422im_/http://aeic.af/storage/Map/01HYFMF9FHM7J51TRM6D2JJ8N5.jpg","host":"web.archive.org","source":{"key":"archive","label":"Archived"},"year":"2024","licence":"cc-by-4.0","types":["map"],"subregions":[]},{"title":"Current and planned transmission grid","url":"https://www.researchgate.net/figure/The-current-and-planned-transmission-grid-of-Afghanistan-19_fig6_382678716","host":"researchgate.net","source":{"key":"academic","label":"Academic"},"year":"2024","licence":"cc-by-4.0","types":["map"],"subregions":[]},{"title":"AFGHANISTAN'S ENERGY GRID: PLANNED AND EXISTING INFRASTRUCTURE, AS OF SEPTEMBER 2018","url":"https://apps.dtic.mil/sti/trecms/pdf/AD1137717.pdf","host":"apps.dtic.mil","source":{"key":"gov","label":"Government"},"year":"2018","licence":null,"types":["map"],"subregions":[]}]}},{"type":"Feature","properties":{"name":"Armenia","count":2,"capacity":0,"types":["map","report"],"datasets":[{"title":"Armenian Energy Agency Maps","url":"https://energyagency.am/en/page_pdf/qartez","host":"energyagency.am","source":{"key":"operator","label":"Operator / TSO"},"year":null,"licence":null,"types":["map"],"subregions":[]},{"title":"Energy Sector Development Strategic Program to 2040","url":"https://policy.asiapacificenergy.org/sites/default/files/Energy%20Sector%20Development%20Strategic%20Program%20to%202040%20.pdf?utm_source=chatgpt.com","host":"policy.asiapacificenergy.org","source":{"key":"operator","label":"Operator / TSO"},"year":"2021","licence":null,"types":["report"],"subregions":[]}]}},{"type":"Feature","properties":{"name":"Bangladesh","count":3,"capacity":1,"types":["map","report","capacitydata"],"datasets":[{"title":"Power Grid Company of Bangladesh","url":"https://pgcb.portal.gov.bd/sites/default/files/files/pgcb.portal.gov.bd/download/4f660a85_ef1d_4be7_8944_16562129c3f1/2020-07-27-09-44-6c67edf0a0e3c9debd68cd95dece815b.pdf","host":"pgcb.portal.gov.bd","source":{"key":"gov","label":"Government"},"year":null,"licence":"proprietary","types":["map"],"subregions":[]},{"title":"PGCB - Power Grid at a Glance","url":"https://pgcb.gov.bd/site/page/5bee2bdb-38e2-439d-b8b5-7792d94e7e19/","host":"pgcb.gov.bd","source":{"key":"gov","label":"Government"},"year":null,"licence":null,"types":["report","capacitydata"],"subregions":[]},{"title":"REB - PBS 33 kV line GIS map collection","url":"https://reb.portal.gov.bd/pages/static-pages/6922de52933eb65569e19db5","host":"reb.portal.gov.bd","source":{"key":"gov","label":"Government"},"year":"2025","licence":null,"types":["map"],"subregions":[]}]}},{"type":"Feature","properties":{"name":"Bhutan","count":2,"capacity":0,"types":["report"],"datasets":[{"title":"Transmission network","url":"https://sarepenergy.net/wp-content/uploads/2023/06/Presentation-on-Overview-of-Electricity-Transmission-Planning-in-Bhutan-by-Mr.-Kinley-Jamtsho-Transmission-Executive-Engineer-DoEMoENR-Bhutan_-SAGE-RIS-USAID-SAREP_18th-June-2023.pdf","host":"sarepenergy.net","source":{"key":"operator","label":"Operator / TSO"},"year":"2023","licence":null,"types":["report"],"subregions":[]},{"title":"Report","url":"https://openjicareport.jica.go.jp/pdf/12326856_01.pdf","host":"openjicareport.jica.go.jp","source":{"key":"gov","label":"Government"},"year":"2019","licence":null,"types":["report"],"subregions":[]}]}},{"type":"Feature","properties":{"name":"Cambodia","count":8,"capacity":1,"types":["report","capacitydata","dataset","map"],"datasets":[{"title":"Cambodia’s PDP Transmission Plan","url":"https://www.adb.org/sites/default/files/project-documents/52096/52096-001-tacr-en_0.pdf","host":"adb.org","source":{"key":"operator","label":"Operator / TSO"},"year":"2024","licence":null,"types":["report"],"subregions":[]},{"title":"Energy Sector Assessment, Strategy, and Road Map","url":"https://www.adb.org/sites/default/files/institutional-document/479941/cambodia-energy-assessment-road-map.pdf","host":"adb.org","source":{"key":"operator","label":"Operator / TSO"},"year":"2018","licence":null,"types":["report"],"subregions":[]},{"title":"OpenDevelopment Map Explorer","url":"https://data.opendevelopmentcambodia.net/map-explorer","host":"data.opendevelopmentcambodia.net","source":{"key":"operator","label":"Operator / TSO"},"year":null,"licence":"cc-by-sa-4.0","types":["capacitydata","dataset","map"],"subregions":[]},{"title":"Transmission Map, page 71","url":"https://admin.edc.com.kh/images/annuallyreport/def65040b39aa223f54ff3d577b336e3.pdf","host":"admin.edc.com.kh","source":{"key":"operator","label":"Operator / TSO"},"year":null,"licence":null,"types":["report","map"],"subregions":[]},{"title":"Annual Report on Power Sector of the Kingdom of Cambodia","url":"https://eac.gov.kh/site/annualreport?lang=en","host":"eac.gov.kh","source":{"key":"gov","label":"Government"},"year":"2025","licence":null,"types":["report"],"subregions":[]},{"title":"Transmission lines in Cambodia 1999-2014 - Open Development Cambodia","url":"https://data.opendevelopmentcambodia.net/en/dataset/transmission-lines-in-cambodia-2009-2014","host":"data.opendevelopmentcambodia.net","source":{"key":"operator","label":"Operator / TSO"},"year":"2015","licence":"cc-by-4.0","types":["dataset"],"subregions":[]},{"title":"Electricity price and licence coverage areas - Open Development Cambodia","url":"https://data.opendevelopmentcambodia.net/dataset/electricity-price-and-coverage-areas-in-cambodia","host":"data.opendevelopmentcambodia.net","source":{"key":"operator","label":"Operator / TSO"},"year":"2017","licence":"cc-by-sa-4.0","types":["dataset"],"subregions":[]},{"title":"EAC - electricity licence register and service-area maps","url":"https://www.eac.gov.kh/license/","host":"eac.gov.kh","source":{"key":"gov","label":"Government"},"year":"2026","licence":null,"types":["dataset"],"subregions":[]}]}},{"type":"Feature","properties":{"name":"China","count":10,"capacity":1,"types":["capacitydata","map","other","dataset"],"datasets":[{"title":"Baker Institute Energy Map","url":"https://www.bakerinstitute.org/chinas-energy-infrastructure","host":"bakerinstitute.org","source":{"key":"operator","label":"Operator / TSO"},"year":"2024","licence":null,"types":["capacitydata","map"],"subregions":[]},{"title":"Electrical Grid by Regions","url":"https://greenwich.envisioncn.com/docs/greenwich-dg/en/_static/frozen_area.pdf","host":"greenwich.envisioncn.com","source":{"key":"operator","label":"Operator / TSO"},"year":"2013","licence":null,"types":["map"],"subregions":[]},{"title":"CPVPD-2024 - A photovoltaic plant vector dataset derived from Chinese remote sensing imagery via a topography-enhanced deep learning framework with dynamic spatial-frequency attention","url":"https://zenodo.org/records/15618227","host":"zenodo.org","source":{"key":"academic","label":"Academic"},"year":null,"licence":null,"types":["other"],"subregions":[]},{"title":"2024 Annual Report on National Power Reliability","url":"https://prpq.nea.gov.cn/uploads/file1/20250611/68494e033b8b1.pdf","host":"prpq.nea.gov.cn","source":{"key":"gov","label":"Government"},"year":null,"licence":null,"types":["other"],"subregions":[]},{"title":"ChinaPV - the spatial distribution of solar photovoltaic installation dataset across China in 2015 and 2020","url":"https://zenodo.org/records/14292571","host":"zenodo.org","source":{"key":"academic","label":"Academic"},"year":null,"licence":null,"types":["other"],"subregions":[]},{"title":"A Spatial Dataset of China's Power Transmission Network Across 2015, 2020 and 2025","url":"https://figshare.com/articles/dataset/A_Spatial_Dataset_of_China_s_Power_Transmission_Network_Across_2015_2020_and_2025/31569094","host":"figshare.com","source":{"key":"operator","label":"Operator / TSO"},"year":"2026","licence":"cc-by-4.0","types":["dataset"],"subregions":[]},{"title":"Hourly electric power load and interprovincial transmission data","url":"https://zenodo.org/records/8322210","host":"zenodo.org","source":{"key":"academic","label":"Academic"},"year":"2023","licence":null,"types":["dataset"],"subregions":[]},{"title":"Open-Source Chinese Electric Power System Data","url":"https://github.com/boli9301/Open-Source-Chinese-Electric-Power-System-Data","host":"github.com","source":{"key":"operator","label":"Operator / TSO"},"year":"2022","licence":"gpl-3.0","types":["dataset"],"subregions":["Guangxi"]},{"title":"WRI - China and Southeast Asia buffered medium-voltage grid raster, GridFinder-derived","url":"https://github.com/wri-china/data-sharing/tree/main/power-grid-dataset","host":"github.com","source":{"key":"operator","label":"Operator / TSO"},"year":null,"licence":null,"types":["dataset"],"subregions":[]},{"title":"COWT-SAR - China offshore wind turbines 2020-2025","url":"https://zenodo.org/records/20487222","host":"zenodo.org","source":{"key":"academic","label":"Academic"},"year":"2026","licence":"cc-by-4.0","types":["dataset"],"subregions":[]}]}},{"type":"Feature","properties":{"name":"Georgia","count":3,"capacity":1,"types":["capacitydata","map","report"],"datasets":[{"title":"GSE Ten Year development plan","url":"https://gse.com.ge/communication/Publications/Ten-Year-Network-Development-Plan-of-Georgia","host":"gse.com.ge","source":{"key":"operator","label":"Operator / TSO"},"year":"2024","licence":null,"types":["capacitydata","map","report"],"subregions":[]},{"title":"GSE Power flow and interconnectors","url":"https://www.gse.com.ge/for-customers/data-from-the-power-system/power-flow","host":"gse.com.ge","source":{"key":"operator","label":"Operator / TSO"},"year":null,"licence":null,"types":["map"],"subregions":[]},{"title":"Power transmission lines of JSC UES SAKRUSENERGO","url":"https://sakrusenergo.ge/en/%e1%83%94%e1%83%9a%e1%83%94%e1%83%a5%e1%83%a2%e1%83%a0%e1%83%9d%e1%83%92%e1%83%90%e1%83%93%e1%83%90%e1%83%9b%e1%83%aa%e1%83%94%e1%83%9b%e1%83%94%e1%83%91%e1%83%98/","host":"sakrusenergo.ge","source":{"key":"operator","label":"Operator / TSO"},"year":null,"licence":"proprietary","types":["map"],"subregions":[]}]}},{"type":"Feature","properties":{"name":"India","count":39,"capacity":6,"types":["capacitydata","map","dataset","report","other"],"datasets":[{"title":"Energy dashboard including power plants and generation capacities, transmission lines and circuits, substations","url":"https://iced.niti.gov.in/","host":"iced.niti.gov.in","source":{"key":"gov","label":"Government"},"year":"2026","licence":null,"types":["capacitydata","map","dataset","report"],"subregions":[]},{"title":"Transmission App for Real Time Monitoring and Growth","url":"http://tarang.website/home","host":"tarang.website","source":{"key":"operator","label":"Operator / TSO"},"year":"2026","licence":null,"types":["dataset"],"subregions":[]},{"title":"Hydropower Water India - Hydropower Database","url":"https://energydata.info/dataset/india-hydropower-database","host":"energydata.info","source":{"key":"opendata","label":"Open data"},"year":"2019","licence":"cc-by-4.0","types":["dataset"],"subregions":[]},{"title":"Energy Map of India - Based on OpenStreetMap Data","url":"https://vedas.sac.gov.in/energymap/view/powergis.jsp","host":"vedas.sac.gov.in","source":{"key":"gov","label":"Government"},"year":null,"licence":null,"types":["map"],"subregions":[]},{"title":"National Electricity Plan","url":"https://cea.nic.in/wp-content/uploads/psp___a_i/2024/01/Draft_NEP_Vol_II.pdf","host":"cea.nic.in","source":{"key":"operator","label":"Operator / TSO"},"year":"2023","licence":null,"types":["capacitydata","report"],"subregions":[]},{"title":"POWER MAP OF INDIA","url":"https://www.powergrid.in/sites/default/files/inline-files/POWERGRID_All%20India%20Power%20Map_Aug%202021.pdf","host":"powergrid.in","source":{"key":"operator","label":"Operator / TSO"},"year":"2021","licence":null,"types":["map"],"subregions":[]},{"title":"POWER MAP OF EASTERN REGION","url":"https://cea.nic.in/wp-content/uploads/2020/03/","host":"cea.nic.in","source":{"key":"operator","label":"Operator / TSO"},"year":null,"licence":null,"types":["other"],"subregions":[]},{"title":"Power Transmission Corporation Limited, Government of Uttar Prades","url":"https://upptcl.org/upptcl/en/page/transmission-maps","host":"upptcl.org","source":{"key":"operator","label":"Operator / TSO"},"year":"2025","licence":null,"types":["map"],"subregions":[]},{"title":"Central Electricity Authority","url":"https://cea.nic.in/transmission-reports/?lang=en","host":"cea.nic.in","source":{"key":"operator","label":"Operator / TSO"},"year":"2025","licence":null,"types":["report","capacitydata"],"subregions":[]},{"title":"POWER MAP OF GOA","url":"https://goaelectricity.gov.in/Regulations/POWER%20MAP%20OF%20GOA%20UPDATED%20%2001%20Nov%202022.pdf","host":"goaelectricity.gov.in","source":{"key":"gov","label":"Government"},"year":"2022","licence":null,"types":["map"],"subregions":[]},{"title":"Power Map of Jharkand","url":"https://jserc.org/powermap_jusnl.pdf","host":"jserc.org","source":{"key":"operator","label":"Operator / TSO"},"year":"2014","licence":null,"types":["map"],"subregions":["Jharkhand"]},{"title":"GRID MAP OF KARNATAKA","url":"https://web.archive.org/web/20220802124435/https://kptcl.karnataka.gov.in/storage/pdf-files/epra/1%20GRIDMAP_2018.pdf","host":"web.archive.org","source":{"key":"archive","label":"Archived"},"year":"2018","licence":null,"types":["map"],"subregions":["Karnataka"]},{"title":"GRID MAP OF KERALA","url":"http://pse.kseb.in/PSEHome/resources/gridnew/index.html","host":"pse.kseb.in","source":{"key":"operator","label":"Operator / TSO"},"year":"2024","licence":null,"types":["map"],"subregions":["Kerala"]},{"title":"Odisha Transmission Grid Map","url":"https://www.sldcorissa.org.in/Writereaddata/Downloads/Trans_Map-OPTCL.pdf","host":"sldcorissa.org.in","source":{"key":"operator","label":"Operator / TSO"},"year":"2020","licence":null,"types":["map"],"subregions":["Odisha"]},{"title":"TGTRANSCO grid map","url":"https://www.tgtransco.com/images/data/images/Gridmap21052025.pdf","host":"tgtransco.com","source":{"key":"operator","label":"Operator / TSO"},"year":"2025","licence":null,"types":["map"],"subregions":["Telangana"]},{"title":"Maharashtra","url":"https://www.mahatransco.in/uploads/docs/MSETCL%20Network%20Map.pdf","host":"mahatransco.in","source":{"key":"operator","label":"Operator / TSO"},"year":"2021","licence":null,"types":["map"],"subregions":["Maharashtra"]},{"title":"MAHARASHTRA STATE ELECTRICITY TRANSMISSION CO. LTD","url":"https://www.mahatransco.in/information/details/power_map","host":"mahatransco.in","source":{"key":"operator","label":"Operator / TSO"},"year":"2024","licence":null,"types":["map"],"subregions":["Maharashtra"]},{"title":"POWER MAP OF MADHYA PRADESH","url":"https://www.wrpc.gov.in/allfile/261120240653302359Power%20Map%20(01.10.2024","host":"wrpc.gov.in","source":{"key":"gov","label":"Government"},"year":"2024","licence":null,"types":["map"],"subregions":["Madhya Pradesh"]},{"title":"Transmission Network of Assam","url":"https://www.aegcl.co.in/wp-content/uploads/2020/12/08082018-AEGCL-POWER-MAP-FINAL.pdf","host":"aegcl.co.in","source":{"key":"operator","label":"Operator / TSO"},"year":"2020","licence":null,"types":["map"],"subregions":["Assam"]},{"title":"EXISTING TRANSMISSION LINE AS 27.07.2018","url":"https://www.aegcl.co.in/wp-content/uploads/2020/12/Details_of_lines._As_on_27.07.18.pdf","host":"aegcl.co.in","source":{"key":"operator","label":"Operator / TSO"},"year":null,"licence":null,"types":["other"],"subregions":["Assam"]},{"title":"SUBSTATION DATA","url":"https://www.aegcl.co.in/substation-data/#:~:text=SL,GSS%20%20MORNING%208%20AM","host":"aegcl.co.in","source":{"key":"operator","label":"Operator / TSO"},"year":null,"licence":null,"types":["other"],"subregions":["Assam"]},{"title":"RANSFORMER CAPACITY IN MVA","url":"https://www.aegcl.co.in/wp-content/uploads/2024/06/070620241713_AEGCL_SUBSTATIONS-1.pdf","host":"aegcl.co.in","source":{"key":"operator","label":"Operator / TSO"},"year":null,"licence":null,"types":["other"],"subregions":["Assam"]},{"title":"LIST OF GRID SUBSTATIONS OF AEGCL","url":"https://www.aegcl.co.in/132-33kv-chapakhowa-substation/","host":"aegcl.co.in","source":{"key":"operator","label":"Operator / TSO"},"year":null,"licence":null,"types":["other"],"subregions":["Assam"]},{"title":"Tripura Power Map","url":"https://tsecl.in/power_map#:~:text=Tripura%20State%20Electricity%20Corporation%20Limited","host":"tsecl.in","source":{"key":"operator","label":"Operator / TSO"},"year":"2024","licence":null,"types":["map"],"subregions":["Tripura"]},{"title":"POWER SYSTEM NETWORK Diagram","url":"https://tsecl.in/sites/default/files/2024-09/Diagram.pdf","host":"tsecl.in","source":{"key":"operator","label":"Operator / TSO"},"year":null,"licence":null,"types":["other"],"subregions":["Tripura"]},{"title":"Delhi Transco Ltd","url":"https://dtl.gov.in/Network.aspx","host":"dtl.gov.in","source":{"key":"gov","label":"Government"},"year":"2023","licence":null,"types":["map"],"subregions":["Delhi"]},{"title":"Transmission Map of PTCUL","url":"https://ptcul.org/document/power-map-ptcul-26-sep-2024.pdf","host":"ptcul.org","source":{"key":"operator","label":"Operator / TSO"},"year":"2024","licence":null,"types":["map"],"subregions":["Uttarakhand"]},{"title":"POWER TRANSMISSION CORPORATION OF UTTARAKHAND LTD","url":"https://ptcul.org/document/sld-ptcul-network-sep-2024.pdf","host":"ptcul.org","source":{"key":"operator","label":"Operator / TSO"},"year":"2024","licence":null,"types":["capacitydata"],"subregions":["Uttarakhand"]},{"title":"MNRE - Spare Capacity at Sub-Stations","url":"https://mnre.gov.in/en/spare-capacity-at-sub-stations/","host":"mnre.gov.in","source":{"key":"gov","label":"Government"},"year":null,"licence":null,"types":["capacitydata","dataset"],"subregions":[]},{"title":"CTUIL - Connectivity Margins and Bay Allocation Details at ISTS Substations","url":"https://ctuil.in/renewable-energy","host":"ctuil.in","source":{"key":"operator","label":"Operator / TSO"},"year":null,"licence":null,"types":["capacitydata","dataset"],"subregions":[]},{"title":"APTRANSCO GIS - APSPDCL 33 kV distribution network","url":"https://gis.aptransco.co.in/server/rest/services/SPDCL/SPDCL_Network_33KV/MapServer/0","host":"gis.aptransco.co.in","source":{"key":"operator","label":"Operator / TSO"},"year":null,"licence":null,"types":["dataset"],"subregions":["Andhra Pradesh"]},{"title":"APTRANSCO GIS - under-construction transmission projects","url":"https://gis.aptransco.co.in/server/rest/services/UC_ProjectsNEW/MapServer/layers","host":"gis.aptransco.co.in","source":{"key":"operator","label":"Operator / TSO"},"year":null,"licence":null,"types":["dataset"],"subregions":["Andhra Pradesh"]},{"title":"BSPTCL power maps","url":"https://www.bsptcl.in/PowerMap.aspx","host":"bsptcl.in","source":{"key":"operator","label":"Operator / TSO"},"year":null,"licence":null,"types":["map"],"subregions":["Bihar"]},{"title":"GETCO state and zonal power maps","url":"https://www.getcogujarat.com/getco_newsite/power_map.php","host":"getcogujarat.com","source":{"key":"operator","label":"Operator / TSO"},"year":"2026","licence":null,"types":["map"],"subregions":["Gujarat"]},{"title":"HPSEBL power grid atlas, 66 kV and above","url":"https://hpaldc.org/maps/AtlasHPSEBLv3.pdf","host":"hpaldc.org","source":{"key":"operator","label":"Operator / TSO"},"year":null,"licence":null,"types":["map"],"subregions":["Himachal Pradesh"]},{"title":"RVPN power maps, 132 kV and above","url":"https://department.rajasthan.gov.in/sm/department-order/55034/211/10/2790","host":"department.rajasthan.gov.in","source":{"key":"gov","label":"Government"},"year":"2026","licence":null,"types":["map"],"subregions":["Rajasthan"]},{"title":"TANTRANSCO - list of substations","url":"https://www.tantransco.org/en/tantransco/infrastructure/list-substations/","host":"tantransco.org","source":{"key":"operator","label":"Operator / TSO"},"year":null,"licence":null,"types":["dataset"],"subregions":["Tamil Nadu"]},{"title":"WBSETCL power map and district-wise EHV substations","url":"https://www.wbsetcl.in/power_map.php","host":"wbsetcl.in","source":{"key":"operator","label":"Operator / TSO"},"year":"2022","licence":null,"types":["map"],"subregions":["West Bengal"]},{"title":"HPPTCL transmission map","url":"https://hpptcl.com/wp-content/uploads/2021/04/MAP-Updated-2023-HP-1.pdf","host":"hpptcl.com","source":{"key":"operator","label":"Operator / TSO"},"year":"2023","licence":null,"types":["map"],"subregions":["Himachal Pradesh"]}]}},{"type":"Feature","properties":{"name":"Indonesia","count":10,"capacity":4,"types":["map","report","capacitydata","dataset"],"datasets":[{"title":"Electrical substation in Indonesia","url":"https://www.arcgis.com/home/item.html?id=c5507bca5a2a4da68db0c699e8b70e19","host":"arcgis.com","source":{"key":"opendata","label":"Open data"},"year":"2024","licence":"cc-by-4.0","types":["map"],"subregions":[]},{"title":"RUPTL PLN 2025-2034 (Electricity Supply Business Plan)","url":"https://gatrik.esdm.go.id/assets/uploads/download_index/files/b967d-ruptl-pln-2025-2034-pub-.pdf","host":"gatrik.esdm.go.id","source":{"key":"gov","label":"Government"},"year":"2025","licence":null,"types":["report","capacitydata"],"subregions":[]},{"title":"Peta Ketenagalistrikan Indonesia","url":"https://indonesiapowermap.com/web/preview_indonesia.html","host":"indonesiapowermap.com","source":{"key":"operator","label":"Operator / TSO"},"year":null,"licence":null,"types":["map","capacitydata"],"subregions":[]},{"title":"BIG / Satupeta - Peta Jaringan Listrik (grid network lines)","url":"https://kspservices.big.go.id/satupeta/rest/services/PUBLIK/SARANA_PRASARANA/MapServer/8","host":"kspservices.big.go.id","source":{"key":"gov","label":"Government"},"year":null,"licence":null,"types":["dataset","map"],"subregions":[]},{"title":"BIG / Satupeta - Peta Sebaran Lokasi Gardu Induk (substation locations and capacity)","url":"https://kspservices.big.go.id/satupeta/rest/services/PUBLIK/SARANA_PRASARANA/MapServer/9","host":"kspservices.big.go.id","source":{"key":"gov","label":"Government"},"year":null,"licence":null,"types":["dataset","map","capacitydata"],"subregions":[]},{"title":"BIG / Satupeta - Peta Sebaran Pembangkit Listrik (power plant locations and MW capacity)","url":"https://kspservices.big.go.id/satupeta/rest/services/PUBLIK/SARANA_PRASARANA/MapServer/11","host":"kspservices.big.go.id","source":{"key":"gov","label":"Government"},"year":null,"licence":null,"types":["dataset","map","capacitydata"],"subregions":[]},{"title":"Ditjen Gatrik / ESDM - Peta Informasi Program Ketenagalistrikan","url":"https://gatrik.esdm.go.id/re_map/","host":"gatrik.esdm.go.id","source":{"key":"gov","label":"Government"},"year":null,"licence":null,"types":["map"],"subregions":[]},{"title":"Magelang City electricity network - Satu Data Indonesia","url":"https://tanahair.indonesia.go.id/sdi/dataset/c5511161-dc02-4c71-a853-f71149955abe","host":"tanahair.indonesia.go.id","source":{"key":"gov","label":"Government"},"year":"2024","licence":null,"types":["dataset"],"subregions":[]},{"title":"Tangerang Regency electricity network - Satu Data Indonesia","url":"https://data.go.id/dataset/dataset/kelistrikan_ln","host":"data.go.id","source":{"key":"gov","label":"Government"},"year":"2024","licence":null,"types":["dataset"],"subregions":[]},{"title":"West Lampung Regency electricity network - Satu Data Indonesia","url":"https://data.go.id/dataset/dataset/jaringan_energi_listrik","host":"data.go.id","source":{"key":"gov","label":"Government"},"year":"2023","licence":null,"types":["dataset"],"subregions":[]}]}},{"type":"Feature","properties":{"name":"Iran","count":3,"capacity":0,"types":["report","other"],"datasets":[{"title":"Map of the High Voltage Grid","url":"https://www.cigre.org/userfiles/files/Community/NC/2018_National-power-system_Iran.pdf","host":"cigre.org","source":{"key":"operator","label":"Operator / TSO"},"year":"2018","licence":null,"types":["report"],"subregions":[]},{"title":"JICA - Data Collection Survey on Electric Power Sector in the Islamic Republic of Ira","url":"https://openjicareport.jica.go.jp/pdf/12283909.pdf","host":"openjicareport.jica.go.jp","source":{"key":"gov","label":"Government"},"year":null,"licence":null,"types":["other"],"subregions":[]},{"title":"53 Years of Iran's Power Industry in Statistics - 1946 to 2019","url":"https://iranopendata.org/res/get/datasets/Sources/iod456.pdf","host":"iranopendata.org","source":{"key":"operator","label":"Operator / TSO"},"year":"2019","licence":null,"types":["report"],"subregions":[]}]}},{"type":"Feature","properties":{"name":"Iraq","count":1,"capacity":0,"types":["report"],"datasets":[{"title":"Modeling the Power Grid Network of Iraq","url":"https://www.researchgate.net/publication/366007793_Modeling_the_Power_Grid_Network_of_Iraq","host":"researchgate.net","source":{"key":"academic","label":"Academic"},"year":"2022","licence":"cc-by-4.0","types":["report"],"subregions":[]}]}},{"type":"Feature","properties":{"name":"Japan","count":14,"capacity":12,"types":["report","capacitydata","map","dataset"],"datasets":[{"title":"J-Power Group Integrated Report","url":"https://www.jpower.co.jp/ir/pdf/rep2023/jpower_integrated2023_all.pdf","host":"jpower.co.jp","source":{"key":"operator","label":"Operator / TSO"},"year":"2023","licence":null,"types":["report"],"subregions":[]},{"title":"OSW Project Areas & Transmission Lines in Japan","url":"https://www.renewable-ei.org/statistics/offshoremap/?page=en","host":"renewable-ei.org","source":{"key":"operator","label":"Operator / TSO"},"year":null,"licence":null,"types":["capacitydata","map"],"subregions":[]},{"title":"OCCTO - Organization for Cross-regional Coordination of Transmission Operators","url":"https://www.occto.or.jp/access/link/mapping.html","host":"occto.or.jp","source":{"key":"operator","label":"Operator / TSO"},"year":null,"licence":null,"types":["capacitydata","dataset","report"],"subregions":[]},{"title":"Power generation facilities","url":"https://nlftp.mlit.go.jp/ksj/gml/datalist/KsjTmplt-P03.html","host":"nlftp.mlit.go.jp","source":{"key":"gov","label":"Government"},"year":"2013","licence":null,"types":["dataset"],"subregions":[]},{"title":"TEPCO Power Grid - network configuration and capacity disclosures","url":"https://www4.tepco.co.jp/pg/consignment/system/index-j.html","host":"www4.tepco.co.jp","source":{"key":"operator","label":"Operator / TSO"},"year":"2026","licence":null,"types":["capacitydata","dataset"],"subregions":[]},{"title":"Hokkaido Electric Power Network - grid configuration and congestion information","url":"https://www.hepco.co.jp/network/con_service/public_document/bid_info.html","host":"hepco.co.jp","source":{"key":"operator","label":"Operator / TSO"},"year":"2026","licence":null,"types":["capacitydata","dataset"],"subregions":[]},{"title":"Tohoku Electric Power Network - grid information and connection constraints","url":"https://nw.tohoku-epco.co.jp/consignment/system/announcement/index.html","host":"nw.tohoku-epco.co.jp","source":{"key":"operator","label":"Operator / TSO"},"year":"2026","licence":null,"types":["capacitydata","dataset"],"subregions":[]},{"title":"Chubu Electric Power Grid - public grid map and spare capacity","url":"https://powergrid.chuden.co.jp/goannai/hatsuden_kouri/takuso_kyokyu/rule/map/","host":"powergrid.chuden.co.jp","source":{"key":"operator","label":"Operator / TSO"},"year":"2026","licence":null,"types":["capacitydata","map"],"subregions":[]},{"title":"Hokuriku Electric Power Transmission & Distribution - capacity and asset disclosure","url":"https://www.rikuden.co.jp/nw_notification/index.html","host":"rikuden.co.jp","source":{"key":"operator","label":"Operator / TSO"},"year":"2026","licence":null,"types":["capacitydata","dataset"],"subregions":[]},{"title":"Kansai Transmission and Distribution - grid maps and line/transformer capacity","url":"https://www.kansai-td.co.jp/consignment/disclosure/distribution-equipment/","host":"kansai-td.co.jp","source":{"key":"operator","label":"Operator / TSO"},"year":"2026","licence":null,"types":["capacitydata","dataset","map"],"subregions":[]},{"title":"Chugoku Electric Power Transmission and Distribution - grid access maps and capacity tables","url":"https://www.energia.co.jp/nw/service/retailer/keitou/access/index.html","host":"energia.co.jp","source":{"key":"operator","label":"Operator / TSO"},"year":"2026","licence":null,"types":["capacitydata","dataset","map"],"subregions":[]},{"title":"Shikoku Electric Power Transmission and Distribution - grid access maps and capacity tables","url":"https://www.yonden.co.jp/nw/line_access/data.html","host":"yonden.co.jp","source":{"key":"operator","label":"Operator / TSO"},"year":"2026","licence":null,"types":["capacitydata","dataset","map"],"subregions":[]},{"title":"Kyushu Electric Power Transmission and Distribution - grid configuration and capacity","url":"https://www.kyuden.co.jp/td/service/wheeling/disclosure.html","host":"kyuden.co.jp","source":{"key":"operator","label":"Operator / TSO"},"year":"2026","licence":null,"types":["capacitydata","dataset"],"subregions":[]},{"title":"Okinawa Electric Power - grid diagrams and asset capacity tables","url":"https://www.okiden.co.jp/business-support/service/rule/plan/index.html","host":"okiden.co.jp","source":{"key":"operator","label":"Operator / TSO"},"year":"2026","licence":null,"types":["capacitydata","dataset"],"subregions":[]}]}},{"type":"Feature","properties":{"name":"Jordan","count":2,"capacity":0,"types":["map","dataset"],"datasets":[{"title":"Electric System - National Electric Power Company","url":"https://nepco.com.jo/en/JordanElecticSystem.aspx","host":"nepco.com.jo","source":{"key":"operator","label":"Operator / TSO"},"year":null,"licence":null,"types":["map"],"subregions":[]},{"title":"MENA - Electricity Transmission Network 2018","url":"https://energydata.info/dataset/jordan-electricity-transmission-network","host":"energydata.info","source":{"key":"opendata","label":"Open data"},"year":"2018","licence":"cc-by-4.0","types":["dataset"],"subregions":[]}]}},{"type":"Feature","properties":{"name":"Uzbekistan","count":5,"capacity":0,"types":["map","report","dataset"],"datasets":[{"title":"Transmission Grid","url":"https://kaktus.media/doc/444230_tyrkmenistan_bydet_davat_elektroenergiu_kyrgyzstany_gde_logika_mneniia_ekspertov.html","host":"kaktus.media","source":{"key":"operator","label":"Operator / TSO"},"year":"2020","licence":null,"types":["map"],"subregions":[]},{"title":"HP:CA - A geodatabase on hydropower plants in Central Asia","url":"https://zenodo.org/records/13320645","host":"zenodo.org","source":{"key":"academic","label":"Academic"},"year":"2025","licence":"cc-by-4.0","types":["map"],"subregions":[]},{"title":"Electricity Sector Transformation and Resilient Transmission","url":"https://documents1.worldbank.org/curated/en/184411624932251299/pdf/Uzbekistan-Electricity-Sector-Transformation-and-Resilient-Transmission-Project.pdf","host":"documents1.worldbank.org","source":{"key":"operator","label":"Operator / TSO"},"year":"2021","licence":null,"types":["report"],"subregions":[]},{"title":"Energydata Uzbekistan","url":"https://energydata.info/dataset/uzbekistan-electricity-transmission-network","host":"energydata.info","source":{"key":"opendata","label":"Open data"},"year":"2016","licence":null,"types":["dataset"],"subregions":[]},{"title":"Development Plan of Regional Electrical Networks","url":"https://het.uz/uploads/78acab58-5fe4-0be7-f6e9-0c990c40f4e4_media_.pdf","host":"het.uz","source":{"key":"operator","label":"Operator / TSO"},"year":"2022","licence":null,"types":["report"],"subregions":[]}]}},{"type":"Feature","properties":{"name":"Laos","count":3,"capacity":0,"types":["report","dataset","other"],"datasets":[{"title":"Assessment of Electric Vehicle Penetration in the Lao People’s Democratic","url":"https://www.eria.org/uploads/media/Research-Project-Report/RPR-2021-26/14_Chapter-5-Analysis-on-Impacts-to-the-Power-Sector.pdf","host":"eria.org","source":{"key":"operator","label":"Operator / TSO"},"year":"2022","licence":null,"types":["report"],"subregions":[]},{"title":"Energy Data Laos","url":"https://energydata.info/dataset/laos-electricity-transmission-network-2005","host":"energydata.info","source":{"key":"opendata","label":"Open data"},"year":"2005","licence":null,"types":["dataset"],"subregions":[]},{"title":"Laos Hydropower Projects Info by Hobo Maps","url":"http://hobomaps2.com/LaosHydropowerProjects.html","host":"hobomaps2.com","source":{"key":"operator","label":"Operator / TSO"},"year":null,"licence":null,"types":["other"],"subregions":[]}]}},{"type":"Feature","properties":{"name":"Lebanon","count":1,"capacity":1,"types":["report","map","capacitydata","other"],"datasets":[{"title":"DATA COLLECTION SURVEY ON ELECTRICITY SECTOR IN LEBANON","url":"https://openjicareport.jica.go.jp/pdf/1000051515_01.pdf","host":"openjicareport.jica.go.jp","source":{"key":"gov","label":"Government"},"year":"2023","licence":null,"types":["report","map","capacitydata","other"],"subregions":[]}]}},{"type":"Feature","properties":{"name":"Malaysia","count":5,"capacity":2,"types":["report","map","capacitydata"],"datasets":[{"title":"Sabah Energy Roadmap and Master Plan 2040","url":"https://ecos.gov.my/sites/default/files/uploads/downloads/2023-09/SABAH%20ENERGY%20ROADMAP%20AND%20MASTER%20PLAN%202040%20%28SE-RAMP%202040%29.pdf","host":"ecos.gov.my","source":{"key":"gov","label":"Government"},"year":"2023","licence":"proprietary","types":["report"],"subregions":[]},{"title":"Sarawak Power Generation and Network","url":"https://www.sarawakenergy.com/assets/images/power-generation/map.png","host":"sarawakenergy.com","source":{"key":"operator","label":"Operator / TSO"},"year":null,"licence":null,"types":["map"],"subregions":[]},{"title":"TNB - Distributed Generation Hosting Capacity Map for DER","url":"https://www.tnb.com.my/smart-grid/der-integration","host":"tnb.com.my","source":{"key":"operator","label":"Operator / TSO"},"year":null,"licence":null,"types":["capacitydata","map"],"subregions":[]},{"title":"SEDA Malaysia - RE Capacity Map","url":"https://www.seda.gov.my/statistics-monitoring/re-capacity-map/","host":"seda.gov.my","source":{"key":"gov","label":"Government"},"year":null,"licence":null,"types":["map","capacitydata"],"subregions":[]},{"title":"Suruhanjaya Tenaga - Map of Electricity and Gas Supply Infrastructure in Malaysia","url":"https://www.st.gov.my/resources/map-electricity-gas-supply-infrastructure-malaysia-2019-0","host":"st.gov.my","source":{"key":"gov","label":"Government"},"year":"2019","licence":"proprietary","types":["map"],"subregions":[]}]}},{"type":"Feature","properties":{"name":"Mongolia","count":2,"capacity":0,"types":["report","map"],"datasets":[{"title":"Overview of Energy/Electricity demand and Renewable energy potential","url":"https://www.renewable-ei.org/images/pdf/20160525/Enebish_Namjil.pdf","host":"renewable-ei.org","source":{"key":"operator","label":"Operator / TSO"},"year":"2016","licence":null,"types":["report"],"subregions":[]},{"title":"Transmission Grid Map","url":"https://www.transco.mn/intro/1","host":"transco.mn","source":{"key":"operator","label":"Operator / TSO"},"year":null,"licence":null,"types":["map"],"subregions":[]}]}},{"type":"Feature","properties":{"name":"Myanmar","count":3,"capacity":0,"types":["map","dataset"],"datasets":[{"title":"Existing Power Grid and Under Construction Projects","url":"https://www.moep.gov.mm/en/ignite/page/641","host":"moep.gov.mm","source":{"key":"gov","label":"Government"},"year":"2019","licence":null,"types":["map"],"subregions":[]},{"title":"Myanmar Information Management Unit","url":"https://geonode.themimu.info/layers/?limit=100&offset=0","host":"geonode.themimu.info","source":{"key":"opendata","label":"Open data"},"year":"2025","licence":null,"types":["dataset"],"subregions":[]},{"title":"High-voltage transmission lines for the National Electrification Plan","url":"https://energydata.info/dataset/myanmar-high-voltage-transmission-lines","host":"energydata.info","source":{"key":"opendata","label":"Open data"},"year":"2014","licence":"cc-by-4.0","types":["dataset"],"subregions":[]}]}},{"type":"Feature","properties":{"name":"Nepal","count":6,"capacity":1,"types":["report","capacitydata","map","dataset"],"datasets":[{"title":"Nepal electricity authority annual report","url":"https://www.nea.org.np/annual_report","host":"nea.org.np","source":{"key":"operator","label":"Operator / TSO"},"year":"2024","licence":null,"types":["report"],"subregions":[]},{"title":"Transmission System Development Plan","url":"https://nepalindata.com/media/resources/items/15/bTransmission-System-Development-Plan-of-Nepal.pdf","host":"nepalindata.com","source":{"key":"operator","label":"Operator / TSO"},"year":"2018","licence":null,"types":["capacitydata","report"],"subregions":[]},{"title":"NEPAL POWER TRANSMISSION NETWORK MAP","url":"https://www.rpgcl.com/storage/listies/November2021/nepal-tranmission-network-map-revised1.pdf","host":"rpgcl.com","source":{"key":"operator","label":"Operator / TSO"},"year":"2021","licence":null,"types":["map"],"subregions":[]},{"title":"Hydropower Projects - Nepal","url":"https://hydro.naxa.com.np/core/datasets/","host":"hydro.naxa.com.np","source":{"key":"operator","label":"Operator / TSO"},"year":null,"licence":null,"types":["dataset"],"subregions":[]},{"title":"Nepal electricity transmission network 2013","url":"https://energydata.info/dataset/nepal-electricity-transmission-network-2013","host":"energydata.info","source":{"key":"opendata","label":"Open data"},"year":"2013","licence":"cc-by-4.0","types":["dataset"],"subregions":[]},{"title":"DoED - transmission line survey and construction licence registers","url":"https://doed.gov.np/pages/sltransmissionline/","host":"doed.gov.np","source":{"key":"gov","label":"Government"},"year":"2026","licence":null,"types":["dataset"],"subregions":[]}]}},{"type":"Feature","properties":{"name":"Pakistan","count":7,"capacity":0,"types":["report","dataset","map"],"datasets":[{"title":"Generation and Transmission System Expansion","url":"https://eco.int/wp-content/uploads/2024/12/Annex-IX-Presentation-of-Pakistan.pdf","host":"eco.int","source":{"key":"operator","label":"Operator / TSO"},"year":"2024","licence":null,"types":["report"],"subregions":[]},{"title":"Performance Evaluation Report of Transmission Companies 2023-24","url":"https://nepra.org.pk/M&E/PER/Transmission/2024/Performance%20Evaluation%20Report%20of%20Transmission%20Companies%202023-24.pdf","host":"nepra.org.pk","source":{"key":"operator","label":"Operator / TSO"},"year":"2024","licence":null,"types":["report"],"subregions":[]},{"title":"NTDC Revised Transmission Investment Plan FY 2023-2025","url":"https://www.nepra.org.pk/Admission%20Notices/2023/10%20Oct/NTDC%20Revised%20Investment%20Plan.pdf","host":"nepra.org.pk","source":{"key":"operator","label":"Operator / TSO"},"year":"2023","licence":null,"types":["report"],"subregions":[]},{"title":"NTDC TRANSMISSION SYSTEM EXPANSION PLAN","url":"https://nepra.org.pk/Admission%20Notices/2024/05%20May/TSEP%202024-34%20Report.pdf","host":"nepra.org.pk","source":{"key":"operator","label":"Operator / TSO"},"year":"2024","licence":null,"types":["report"],"subregions":[]},{"title":"Hydropower_Resources of Pakistan","url":"https://www.ppib.gov.pk/publications/Hydropower_Resources%20Book_2022.pdf","host":"ppib.gov.pk","source":{"key":"gov","label":"Government"},"year":"2022","licence":null,"types":["report"],"subregions":[]},{"title":"Pakistan electricity transmission network - OpenStreetMap 2017 extract","url":"https://energydata.info/dataset/pakistan-electricity-transmission-network-2017","host":"energydata.info","source":{"key":"opendata","label":"Open data"},"year":"2017","licence":"odbl","types":["dataset"],"subregions":[]},{"title":"OpenGridPK - country-filtered transmission grid from OpenStreetMap","url":"https://github.com/saddamchandio/OpenGridPK","host":"github.com","source":{"key":"operator","label":"Operator / TSO"},"year":"2026","licence":"odbl","types":["dataset","map"],"subregions":[]}]}},{"type":"Feature","properties":{"name":"Palestine","count":1,"capacity":0,"types":["map"],"datasets":[{"title":"Geomolg - Transmission Lines and Substations","url":"https://geomolg.ps/L5/index.html?viewer=A3.V1","host":"geomolg.ps","source":{"key":"operator","label":"Operator / TSO"},"year":null,"licence":null,"types":["map"],"subregions":[]}]}},{"type":"Feature","properties":{"name":"Philippines","count":4,"capacity":1,"types":["report","capacitydata","map"],"datasets":[{"title":"Transmission Development Plan 2023-2040","url":"https://web.archive.org/web/20250317060959/https://ngcp.ph/Attachment-Uploads/TDP%202023-2040%20Consultation%20Report-2023-06-15-07-54-06.pdf","host":"web.archive.org","source":{"key":"archive","label":"Archived"},"year":"2023","licence":null,"types":["report"],"subregions":[]},{"title":"Standard Line Diagram","url":"https://www.ngcp.ph/Attachment-Uploads/TDP%202025-2050%20REPORT-2025-09-25-09-29-14.pdf","host":"ngcp.ph","source":{"key":"operator","label":"Operator / TSO"},"year":"2025","licence":null,"types":["report"],"subregions":[]},{"title":"DOE / NGCP - Available Transmission or Substation Capacity and Location from 2024-2030, GEA-3 Annex E","url":"https://legacy.doe.gov.ph/sites/default/files/pdf/geap/Annex%20E%20-%20Available%20Transmission%20or%20Substation%20Capacity.pdf","host":"legacy.doe.gov.ph","source":{"key":"gov","label":"Government"},"year":null,"licence":null,"types":["report","capacitydata"],"subregions":[]},{"title":"DOE - Distribution Development Plan, distribution utility franchise-area maps","url":"https://www.doe.gov.ph/sites/default/files/pdf/electric_power/ddp_2017-2026.pdf","host":"doe.gov.ph","source":{"key":"gov","label":"Government"},"year":"2019","licence":null,"types":["map","report"],"subregions":[]}]}},{"type":"Feature","properties":{"name":"Russia","count":1,"capacity":0,"types":["map"],"datasets":[{"title":"ЛЭП России 2020 год","url":"https://powerlines.one/#2.5/50/90","host":"powerlines.one","source":{"key":"operator","label":"Operator / TSO"},"year":"2020","licence":"open access","types":["map"],"subregions":[]}]}},{"type":"Feature","properties":{"name":"North Korea","count":1,"capacity":0,"types":["dataset"],"datasets":[{"title":"AccessDPRK","url":"https://mynorthkorea.blogspot.com/2021/01/accessdprk-2021-map-free-version.html","host":"mynorthkorea.blogspot.com","source":{"key":"operator","label":"Operator / TSO"},"year":"2021","licence":null,"types":["dataset"],"subregions":[]}]}},{"type":"Feature","properties":{"name":"South Korea","count":3,"capacity":0,"types":["map","dataset"],"datasets":[{"title":"10th long-term transmission and substation facility plan established by KEPCO","url":"https://www.e2news.com/news/articleView.html?idxno=253433","host":"e2news.com","source":{"key":"operator","label":"Operator / TSO"},"year":"2023","licence":null,"types":["map"],"subregions":[]},{"title":"Transmission Map","url":"https://www.e2news.com/news/articleView.html?idxno=236289","host":"e2news.com","source":{"key":"operator","label":"Operator / TSO"},"year":"2021","licence":null,"types":["map"],"subregions":[]},{"title":"KEPCO - regional supply-capable substation information","url":"https://www.data.go.kr/data/15128065/fileData.do","host":"data.go.kr","source":{"key":"gov","label":"Government"},"year":"2024","licence":null,"types":["dataset"],"subregions":[]}]}},{"type":"Feature","properties":{"name":"Sri Lanka","count":7,"capacity":1,"types":["map","other","capacitydata","dataset"],"datasets":[{"title":"Transmission Grid","url":"https://www.ceb.lk/transmission/en","host":"ceb.lk","source":{"key":"operator","label":"Operator / TSO"},"year":"2023","licence":null,"types":["map"],"subregions":[]},{"title":"CEB - Renewable Energy Absorption Transmission Development Project","url":"https://www.ceb.lk/project-detail/26/en","host":"ceb.lk","source":{"key":"operator","label":"Operator / TSO"},"year":null,"licence":null,"types":["other","capacitydata"],"subregions":[]},{"title":"NSDI - CEB 132/220 kV transmission lines","url":"https://gisapps.nsdi.gov.lk/server/rest/services/SLNSDI/Utilities_Communications/MapServer/28","host":"gisapps.nsdi.gov.lk","source":{"key":"gov","label":"Government"},"year":null,"licence":null,"types":["dataset"],"subregions":[]},{"title":"NSDI - CEB grid substations, switching stations and power stations","url":"https://gisapps.nsdi.gov.lk/server/rest/services/SLNSDI/Utilities_Communications/MapServer/32","host":"gisapps.nsdi.gov.lk","source":{"key":"gov","label":"Government"},"year":null,"licence":null,"types":["dataset"],"subregions":[]},{"title":"NSDI - LECO 11 kV distribution lines","url":"https://gisapps.nsdi.gov.lk/server/rest/services/SLNSDI/Utilities_Communications/MapServer/21","host":"gisapps.nsdi.gov.lk","source":{"key":"gov","label":"Government"},"year":"2017","licence":null,"types":["dataset"],"subregions":[]},{"title":"NSDI - LECO low-voltage distribution lines","url":"https://gisapps.nsdi.gov.lk/server/rest/services/SLNSDI/Utilities_Communications/MapServer/24","host":"gisapps.nsdi.gov.lk","source":{"key":"gov","label":"Government"},"year":null,"licence":null,"types":["dataset"],"subregions":[]},{"title":"NSDI - LECO distribution transformers","url":"https://gisapps.nsdi.gov.lk/server/rest/services/SLNSDI/Utilities_Communications/MapServer/26","host":"gisapps.nsdi.gov.lk","source":{"key":"gov","label":"Government"},"year":null,"licence":null,"types":["dataset"],"subregions":[]}]}},{"type":"Feature","properties":{"name":"Syria","count":2,"capacity":0,"types":["report","dataset"],"datasets":[{"title":"Electricity Sector After a Decade of War: A Comprehensive Assessment","url":"https://cadmus.eui.eu/server/api/core/bitstreams/c78454ff-21c8-5b4f-8b38-6aec738fa0d7/content","host":"cadmus.eui.eu","source":{"key":"operator","label":"Operator / TSO"},"year":"2021","licence":"cc-by-4.0","types":["report"],"subregions":[]},{"title":"Infrastructure Maps - Based on OpenStreetMap","url":"https://data.humdata.org/dataset/syria-infrastructure-maps-power-line-water-way-dam-highway","host":"data.humdata.org","source":{"key":"operator","label":"Operator / TSO"},"year":"2020","licence":null,"types":["dataset"],"subregions":[]}]}},{"type":"Feature","properties":{"name":"Taiwan","count":3,"capacity":1,"types":["map","capacitydata","report","dataset"],"datasets":[{"title":"Taipower's Power Plants and Power Grid Map","url":"https://www.taipower.com.tw/2764/2809/2814/25012/normalPost","host":"taipower.com.tw","source":{"key":"operator","label":"Operator / TSO"},"year":"2025","licence":null,"types":["map"],"subregions":[]},{"title":"Taipower - Grid Power Supply Status / Substation Supply Capability","url":"https://www.taipower.com.tw/2289/2363/2367/2371/10298/","host":"taipower.com.tw","source":{"key":"operator","label":"Operator / TSO"},"year":null,"licence":null,"types":["capacitydata","map","report"],"subregions":[]},{"title":"Taipower electric pole coordinates and pole identifiers","url":"https://data.gov.tw/dataset/33305","host":"data.gov.tw","source":{"key":"gov","label":"Government"},"year":"2026","licence":"Open Government Data License 1.0","types":["dataset"],"subregions":[]}]}},{"type":"Feature","properties":{"name":"Thailand","count":6,"capacity":3,"types":["report","map","capacitydata","dataset"],"datasets":[{"title":"Renewable Grid Integration Assessment","url":"https://www.oecd.org/content/dam/oecd/en/publications/reports/2018/11/thailand-renewable-grid-integration-assessment_g1g993de/9789264308213-en.pdf","host":"oecd.org","source":{"key":"operator","label":"Operator / TSO"},"year":"2017","licence":null,"types":["report"],"subregions":[]},{"title":"Thailand Power Map - Electricity Generating Authority of Thailand - Transmission system","url":"https://gisportal.egat.co.th/portal/apps/experiencebuilder/experience/?draft=true&id=710edfd7ac3f4f0fae4ffe791781686c","host":"gisportal.egat.co.th","source":{"key":"operator","label":"Operator / TSO"},"year":"2026","licence":null,"types":["map","capacitydata"],"subregions":[]},{"title":"Thailand Power Map - PEA Power Map","url":"https://gisportal.pea.co.th/portal/apps/experiencebuilder/experience/?id=0732ae48e420445e91bccec9306abaa5","host":"gisportal.pea.co.th","source":{"key":"operator","label":"Operator / TSO"},"year":"2026","licence":null,"types":["map","capacitydata"],"subregions":[]},{"title":"MEA Power Map - load and generation hosting capacity","url":"https://measervice.mea.or.th/powermap/load/index.html","host":"measervice.mea.or.th","source":{"key":"operator","label":"Operator / TSO"},"year":"2026","licence":null,"types":["capacitydata","map"],"subregions":[]},{"title":"DEDE - renewable power plant location maps","url":"https://data.go.th/dataset/gis-002","host":"data.go.th","source":{"key":"gov","label":"Government"},"year":"2025","licence":null,"types":["map","dataset"],"subregions":[]},{"title":"EGAT - transmission line length by voltage level","url":"https://gdcatalog.egat.co.th/dataset/s_00000005","host":"gdcatalog.egat.co.th","source":{"key":"operator","label":"Operator / TSO"},"year":"2024","licence":"cc-by","types":["dataset"],"subregions":[]}]}},{"type":"Feature","properties":{"name":"Timor-Leste","count":1,"capacity":0,"types":["report","map"],"datasets":[{"title":"Relatório Anual da EDTL, E.P. 2024","url":"https://edtl-ep.tl/report-download/2979994931093398343138/","host":"edtl-ep.tl","source":{"key":"operator","label":"Operator / TSO"},"year":"2024","licence":null,"types":["report","map"],"subregions":[]}]}},{"type":"Feature","properties":{"name":"Turkey","count":1,"capacity":0,"types":["map"],"datasets":[{"title":"Turkey's Power Grid","url":"https://www.climatescorecard.org/2023/01/turkeys-power-grid/","host":"climatescorecard.org","source":{"key":"operator","label":"Operator / TSO"},"year":"2023","licence":null,"types":["map"],"subregions":[]}]}},{"type":"Feature","properties":{"name":"Vietnam","count":2,"capacity":0,"types":["report","dataset"],"datasets":[{"title":"Vietnam Electricity","url":"https://en.evn.com.vn/userfile/files/EVNAnnualReport2022-2023-20241115110735330.pdf","host":"en.evn.com.vn","source":{"key":"operator","label":"Operator / TSO"},"year":"2023","licence":null,"types":["report"],"subregions":[]},{"title":"Vietnam electricity transmission network and substations 2016","url":"https://energydata.info/dataset/vietnam-electricity-transmission-network-2016","host":"energydata.info","source":{"key":"opendata","label":"Open data"},"year":"2016","licence":"cc-by-4.0","types":["dataset"],"subregions":[]}]}},{"type":"Feature","properties":{"name":"Yemen","count":2,"capacity":0,"types":["dataset","map"],"datasets":[{"title":"Energydata Yemen Electricity Transmission Network","url":"https://energydata.info/dataset/yemen-electricity-transmission-network-2017","host":"energydata.info","source":{"key":"opendata","label":"Open data"},"year":"2016","licence":null,"types":["dataset"],"subregions":[]},{"title":"Maps","url":"https://moee-ye.com/site-ar/%d8%a7%d9%84%d9%85%d8%ae%d8%b7%d8%b7%d8%a7%d8%aa/","host":"moee-ye.com","source":{"key":"operator","label":"Operator / TSO"},"year":null,"licence":null,"types":["map"],"subregions":[]}]}},{"type":"Feature","properties":{"name":"Albania","count":4,"capacity":1,"types":["map","capacitydata","report","dataset"],"datasets":[{"title":"Transmission grid in the Western Balkans","url":"https://wb6energyprospect.com/maps.php?mapa=6","host":"wb6energyprospect.com","source":{"key":"operator","label":"Operator / TSO"},"year":"2025","licence":"proprietary","types":["map"],"subregions":[]},{"title":"Albania Transmission system","url":"https://ost.al/en/transmission-system/description-of-the-transmission-system/","host":"ost.al","source":{"key":"operator","label":"Operator / TSO"},"year":null,"licence":"proprietary","types":["capacitydata","map","report"],"subregions":[]},{"title":"Albania – Electricity Transmission Network","url":"https://energydata.info/dataset/albania-electricity-transmission-network-2009","host":"energydata.info","source":{"key":"opendata","label":"Open data"},"year":"2024","licence":"cc-by-4.0","types":["dataset"],"subregions":[]},{"title":"ASIG Geoportal – Electricity Transmission Lines and Substations","url":"https://geoportal.asig.gov.al/geonetwork/srv/eng/catalog.search#/metadata/7b5fa986-4345-4864-a5b2-cc1e9637e10c","host":"geoportal.asig.gov.al","source":{"key":"gov","label":"Government"},"year":"2019","licence":null,"types":["dataset","map"],"subregions":[]}]}},{"type":"Feature","properties":{"name":"Bosnia and Herz.","count":8,"capacity":3,"types":["map","report","capacitydata"],"datasets":[{"title":"Transmission grid in the Western Balkans","url":"https://wb6energyprospect.com/maps.php?mapa=6","host":"wb6energyprospect.com","source":{"key":"operator","label":"Operator / TSO"},"year":"2025","licence":"proprietary","types":["map"],"subregions":[]},{"title":"Map of EES 2024","url":"https://www.derk.ba/en/ees-bih/ees-map","host":"derk.ba","source":{"key":"operator","label":"Operator / TSO"},"year":"2024","licence":"proprietary","types":["map"],"subregions":[]},{"title":"NOS-BiH Transmission grid development plan 2021-2030","url":"https://www.nosbih.ba/files/2021/03/20210311-lat-Dugorocni-plan-razvoja-prenosne-mreze-2021-2030-Knjiga-1.pdf","host":"nosbih.ba","source":{"key":"operator","label":"Operator / TSO"},"year":"2021","licence":null,"types":["report"],"subregions":[]},{"title":"NOS-BiH Real-time capacity grid of Bosnian interconnectors","url":"https://www.nosbih.ba/hr/ees/ace/","host":"nosbih.ba","source":{"key":"operator","label":"Operator / TSO"},"year":"2025","licence":null,"types":["map"],"subregions":[]},{"title":"NOS-BiH Multiple studies and analysis of power generators, network stability, renewables","url":"https://www.nosbih.ba/en/dokumenti/studije-i-analize/","host":"nosbih.ba","source":{"key":"operator","label":"Operator / TSO"},"year":null,"licence":null,"types":["report"],"subregions":[]},{"title":"NOS-BiH Indicative Plan for Power Generation Development 2026–2035","url":"https://www.nosbih.ba/files/2025/07/20250702-lat-Indikativni-plan-razvoja-proizvodnje-2026-2035.pdf","host":"nosbih.ba","source":{"key":"operator","label":"Operator / TSO"},"year":"2025","licence":null,"types":["capacitydata","report"],"subregions":[]},{"title":"NOS-BiH Long-Term Development Plan of the Transmission Network 2021–2030 - book 1","url":"https://www.nosbih.ba/files/2021/03/20210311-lat-Dugorocni-plan-razvoja-prenosne-mreze-2021-2030-Knjiga-1.pdf","host":"nosbih.ba","source":{"key":"operator","label":"Operator / TSO"},"year":"2021","licence":null,"types":["capacitydata","report"],"subregions":[]},{"title":"NOS-BiH Long-Term Development Plan of the Transmission Network 2021–2030 - book 2","url":"https://www.nosbih.ba/files/2021/03/20210311-lat-Dugorocni-plan-razvoja-prenosne-mreze-2021-2030-Knjiga-2.pdf","host":"nosbih.ba","source":{"key":"operator","label":"Operator / TSO"},"year":"2021","licence":null,"types":["capacitydata","report"],"subregions":[]}]}},{"type":"Feature","properties":{"name":"Kosovo","count":2,"capacity":0,"types":["map"],"datasets":[{"title":"Transmission grid in the Western Balkans","url":"https://wb6energyprospect.com/maps.php?mapa=6","host":"wb6energyprospect.com","source":{"key":"operator","label":"Operator / TSO"},"year":"2025","licence":"proprietary","types":["map"],"subregions":[]},{"title":"Transmission system","url":"https://www.ero-ks.org/zrre/en/pjesemarresit-ne-treg/energjia-elektrike/transmetimi","host":"ero-ks.org","source":{"key":"operator","label":"Operator / TSO"},"year":null,"licence":null,"types":["map"],"subregions":[]}]}},{"type":"Feature","properties":{"name":"Macedonia","count":4,"capacity":0,"types":["map","report"],"datasets":[{"title":"Transmission grid in the Western Balkans","url":"https://wb6energyprospect.com/maps.php?mapa=6","host":"wb6energyprospect.com","source":{"key":"operator","label":"Operator / TSO"},"year":"2025","licence":"proprietary","types":["map"],"subregions":[]},{"title":"Map of Transmission lines","url":"https://www.mepso.com.mk/images/2024/12/25/image_2024-12-25_114449525__1844x1289.png","host":"mepso.com.mk","source":{"key":"operator","label":"Operator / TSO"},"year":null,"licence":null,"types":["map"],"subregions":[]},{"title":"Map of Transmission system","url":"https://www.mepso.com.mk/index.php/en/enewspaper","host":"mepso.com.mk","source":{"key":"operator","label":"Operator / TSO"},"year":"2025","licence":null,"types":["report"],"subregions":[]},{"title":"Substations names","url":"https://www.mepso.com.mk/docs/opm/%D0%B3%D0%BE%D0%B4%D0%B8%D1%88%D0%B5%D0%BD%20%D0%BF%D0%BB%D0%B0%D0%BD%20-%20%D1%80%D0%B5%D0%B3%D1%83%D0%BB%D0%B0%D1%82%D0%BE%D1%80%D0%BD%D0%B0%202025.pdf","host":"mepso.com.mk","source":{"key":"operator","label":"Operator / TSO"},"year":null,"licence":null,"types":["report"],"subregions":[]}]}},{"type":"Feature","properties":{"name":"Montenegro","count":3,"capacity":0,"types":["map"],"datasets":[{"title":"Transmission grid in the Western Balkans","url":"https://wb6energyprospect.com/maps.php?mapa=6","host":"wb6energyprospect.com","source":{"key":"operator","label":"Operator / TSO"},"year":"2025","licence":"proprietary","types":["map"],"subregions":[]},{"title":"TSO Map","url":"https://cges.me/en/about/electrical-transmission-system/overhead-line-network","host":"cges.me","source":{"key":"operator","label":"Operator / TSO"},"year":null,"licence":null,"types":["map"],"subregions":[]},{"title":"Electricity Transmission Network","url":"https://energydata.info/dataset/montenegro-electricity-transmission-network-2014","host":"energydata.info","source":{"key":"opendata","label":"Open data"},"year":null,"licence":null,"types":["map"],"subregions":[]}]}},{"type":"Feature","properties":{"name":"Serbia","count":2,"capacity":1,"types":["map","capacitydata","report"],"datasets":[{"title":"Transmission grid in the Western Balkans","url":"https://wb6energyprospect.com/maps.php?mapa=6","host":"wb6energyprospect.com","source":{"key":"operator","label":"Operator / TSO"},"year":"2025","licence":"proprietary","types":["map"],"subregions":[]},{"title":"The Electric Power System of Serbia - pdf","url":"https://www.cigre.org/userfiles/files/Community/National%20Power%20System/PowerPoint%20Presentation%20-%202020%20National%20Power%20System%20Report%20of%20CIGRE%20Serbia.pdf","host":"cigre.org","source":{"key":"operator","label":"Operator / TSO"},"year":"2020","licence":null,"types":["capacitydata","report"],"subregions":[]}]}},{"type":"Feature","properties":{"name":"Finland","count":16,"capacity":14,"types":["map","report","capacitydata"],"datasets":[{"title":"Svenska kraftnät","url":"https://www.svk.se/en/national-grid/map-of-the-national-grid/","host":"svk.se","source":{"key":"operator","label":"Operator / TSO"},"year":"2025","licence":null,"types":["map"],"subregions":[]},{"title":"Nordic Grid Development Perspective","url":"https://www.svk.se/siteassets/om-oss/rapporter/2023/svk_ngpd2023.pdf","host":"svk.se","source":{"key":"operator","label":"Operator / TSO"},"year":"2023","licence":null,"types":["report"],"subregions":[]},{"title":"Fingrid - Verkkokiikari grid capacity map","url":"https://experience.arcgis.com/experience/4c3f68b70a574a0e9ec0f9837a187542/page/Kulutuskapasiteetti","host":"experience.arcgis.com","source":{"key":"opendata","label":"Open data"},"year":"2026","licence":null,"types":["capacitydata","map"],"subregions":[]},{"title":"Caruna - Capacity Map, low, medium and high voltage","url":"https://plus.caruna.fi/en/capacities-map","host":"plus.caruna.fi","source":{"key":"operator","label":"Operator / TSO"},"year":"2026","licence":null,"types":["capacitydata","map"],"subregions":[]},{"title":"Elenia - Map of Available Capacity","url":"https://www.elenia.fi/en/electricity-consumption-and-production/green-transition/map-of-available-capacity","host":"elenia.fi","source":{"key":"operator","label":"Operator / TSO"},"year":null,"licence":null,"types":["capacitydata","map"],"subregions":[]},{"title":"KSS Verkko - Capacity Map","url":"https://experience.arcgis.com/experience/ca69fee0adab43bd9a3f1f317658ef1f/","host":"experience.arcgis.com","source":{"key":"opendata","label":"Open data"},"year":null,"licence":null,"types":["capacitydata","map"],"subregions":[]},{"title":"Järvi-Suomen Energia - Project Connectivity and Available Grid Capacity","url":"https://www.jseoy.fi/en/project-connectivity-and-available-grid-capacity/","host":"jseoy.fi","source":{"key":"operator","label":"Operator / TSO"},"year":null,"licence":null,"types":["capacitydata","map"],"subregions":[]},{"title":"Järvi-Suomen Energia - Capacity Map","url":"https://experience.arcgis.com/experience/8695261f416845fa9ac93f044238340b","host":"experience.arcgis.com","source":{"key":"opendata","label":"Open data"},"year":null,"licence":null,"types":["capacitydata","map"],"subregions":[]},{"title":"Porvoon Sähköverkko - Capacity Map","url":"https://experience.arcgis.com/experience/bfa208fead504aeeb524cb8dfc1abfe8","host":"experience.arcgis.com","source":{"key":"opendata","label":"Open data"},"year":null,"licence":null,"types":["capacitydata","map"],"subregions":[]},{"title":"Alva Sähköverkko - Kapasiteettikartat","url":"https://www.alva.fi/yritykset-ja-yhteisot/sahkoverkko/sahkoliittymat/kapasiteettikartat/","host":"alva.fi","source":{"key":"operator","label":"Operator / TSO"},"year":"2026","licence":null,"types":["capacitydata","map"],"subregions":[]},{"title":"EPV Alueverkko - Kapasiteettikarttapalvelu","url":"https://www.epa.fi/liittymakyselyt-ja-kapasiteetti/","host":"epa.fi","source":{"key":"operator","label":"Operator / TSO"},"year":"2025","licence":null,"types":["capacitydata","map"],"subregions":[]},{"title":"Helen Sähköverkko - Vapaan kapasiteetin karttapalvelu","url":"https://experience.arcgis.com/experience/2e451fa927ed44f0bda0eaa40731bc5c","host":"experience.arcgis.com","source":{"key":"opendata","label":"Open data"},"year":"2025","licence":null,"types":["capacitydata","map"],"subregions":[]},{"title":"Savon Voima Verkko - Kapasiteettikartta","url":"https://experience.arcgis.com/experience/faa1920d810a4adf8e702087a2817a7e/page/KAPASITEETTIKARTTA/","host":"experience.arcgis.com","source":{"key":"opendata","label":"Open data"},"year":null,"licence":null,"types":["capacitydata","map"],"subregions":[]},{"title":"Tampereen Energia Sähköverkko - Kapasiteettikartta","url":"https://tampereensahkoverkko.kehittamissuunnitelma.fi/live-capacity-map","host":"tampereensahkoverkko.kehittamissuunnitelma.fi","source":{"key":"operator","label":"Operator / TSO"},"year":"2026","licence":null,"types":["capacitydata","map"],"subregions":[]},{"title":"Turku Energia Sähköverkot - Jakeluverkon kapasiteetti","url":"https://www.turkuenergia.fi/sahkoverkot/tietoa-sahkoverkostamme/jakeluverkon-kapasiteetti","host":"turkuenergia.fi","source":{"key":"operator","label":"Operator / TSO"},"year":"2026","licence":null,"types":["capacitydata","map"],"subregions":[]},{"title":"Vaasan Sähköverkko - Kapasiteettikartat","url":"https://www.vaasansahkoverkko.fi/tietoa-meista/kapasiteettikartat/","host":"vaasansahkoverkko.fi","source":{"key":"operator","label":"Operator / TSO"},"year":"2026","licence":null,"types":["capacitydata","map"],"subregions":[]}]}},{"type":"Feature","properties":{"name":"Norway","count":9,"capacity":1,"types":["map","report","dataset","capacitydata"],"datasets":[{"title":"Svenska kraftnät","url":"https://www.svk.se/en/national-grid/map-of-the-national-grid/","host":"svk.se","source":{"key":"operator","label":"Operator / TSO"},"year":"2025","licence":null,"types":["map"],"subregions":[]},{"title":"Nordic Grid Development Perspective","url":"https://www.svk.se/siteassets/om-oss/rapporter/2023/svk_ngpd2023.pdf","host":"svk.se","source":{"key":"operator","label":"Operator / TSO"},"year":"2023","licence":null,"types":["report"],"subregions":[]},{"title":"The electricity grid","url":"https://energifaktanorge.no/en/norsk-energiforsyning/kraftnett/#the-electricity-grid-is-key-infrastructure","host":"energifaktanorge.no","source":{"key":"operator","label":"Operator / TSO"},"year":"2025","licence":null,"types":["report"],"subregions":[]},{"title":"Electricity production","url":"https://energifaktanorge.no/en/norsk-energiforsyning/kraftproduksjon/","host":"energifaktanorge.no","source":{"key":"operator","label":"Operator / TSO"},"year":"2025","licence":null,"types":["report"],"subregions":[]},{"title":"Public statistics on electricity generation and consumption","url":"https://www.ssb.no/en/energi-og-industri/energi/statistikk/elektrisitet","host":"ssb.no","source":{"key":"operator","label":"Operator / TSO"},"year":"2025","licence":null,"types":["dataset"],"subregions":[]},{"title":"Hydroelectric power system - facilities and network","url":"https://kartkatalog.geonorge.no/metadata/hydroelectric-power-system-facilities-and-network/9f71a24b-9997-409f-8e42-ce6f0c62e073","host":"kartkatalog.geonorge.no","source":{"key":"operator","label":"Operator / TSO"},"year":"2025","licence":null,"types":["dataset"],"subregions":[]},{"title":"Norwegian Electricity in Geographic Dataset (NoreGeo)","url":"https://zenodo.org/records/16794604","host":"zenodo.org","source":{"key":"academic","label":"Academic"},"year":"2025","licence":null,"types":["dataset"],"subregions":[]},{"title":"NVE - PlanNett, digital KSU","url":"https://plannett.nve.no/","host":"plannett.nve.no","source":{"key":"operator","label":"Operator / TSO"},"year":null,"licence":null,"types":["map","report"],"subregions":[]},{"title":"Statnett - Forespørsler og reservasjon i nettet","url":"https://www.statnett.no/nettkapasitet-til-produksjon-og-forbruk/foresporsler-og-reservasjon-i-nettet/","host":"statnett.no","source":{"key":"operator","label":"Operator / TSO"},"year":null,"licence":null,"types":["capacitydata","dataset"],"subregions":[]}]}},{"type":"Feature","properties":{"name":"Sweden","count":9,"capacity":5,"types":["map","report","capacitydata","dataset"],"datasets":[{"title":"Svenska kraftnät","url":"https://www.svk.se/en/national-grid/map-of-the-national-grid/","host":"svk.se","source":{"key":"operator","label":"Operator / TSO"},"year":"2025","licence":null,"types":["map"],"subregions":[]},{"title":"Nordic Grid Development Perspective","url":"https://www.svk.se/siteassets/om-oss/rapporter/2023/svk_ngpd2023.pdf","host":"svk.se","source":{"key":"operator","label":"Operator / TSO"},"year":"2023","licence":null,"types":["report"],"subregions":[]},{"title":"Electricity transmission network","url":"https://ext-geodatakatalog-forv.lansstyrelsen.se/PlaneringsKatalogen/GetMetaDataById?id=08ec56a0-6b5c-4f83-b29e-375e6f1a34b9_C","host":"ext-geodatakatalog-forv.lansstyrelsen.se","source":{"key":"operator","label":"Operator / TSO"},"year":null,"licence":null,"types":["map"],"subregions":[]},{"title":"Svenska kraftnät - Kapacitetskarta transmissionsnätet","url":"https://www.svk.se/aktorsportalen/anslut-till-transmissionsnatet/kapacitetskarta-transmissionsnatet/","host":"svk.se","source":{"key":"operator","label":"Operator / TSO"},"year":null,"licence":null,"types":["capacitydata","map"],"subregions":[]},{"title":"Svenska kraftnät - Kapacitetskarta Transmissionsnät - Interactive Map","url":"https://experience.arcgis.com/experience/c7d86f31bcb347ca98e1f628d2202480/page/Inmatning","host":"experience.arcgis.com","source":{"key":"opendata","label":"Open data"},"year":null,"licence":null,"types":["capacitydata","map"],"subregions":[]},{"title":"Vattenfall Eldistribution - Kapacitetskarta","url":"https://www.vattenfalleldistribution.se/kapacitetskarta/","host":"vattenfalleldistribution.se","source":{"key":"operator","label":"Operator / TSO"},"year":null,"licence":null,"types":["capacitydata","map"],"subregions":[]},{"title":"E.ON Energidistribution - Kapacitetskompassen","url":"https://www.eon.se/foeretag/elnaet/anslut/kapacitetskompassen","host":"eon.se","source":{"key":"operator","label":"Operator / TSO"},"year":"2025","licence":null,"types":["capacitydata","map"],"subregions":[]},{"title":"Ellevio - Elnätskapacitet i Ellevios regionnät","url":"https://www.ellevio.se/om-oss/elnat/elnatskapacitet-i-ellevios-regionnat/","host":"ellevio.se","source":{"key":"operator","label":"Operator / TSO"},"year":null,"licence":null,"types":["capacitydata","report"],"subregions":[]},{"title":"Svenska kraftnät - Nätområden","url":"https://experience.arcgis.com/experience/4fcf3efa03b2411996faf9f7708ebf66/","host":"experience.arcgis.com","source":{"key":"opendata","label":"Open data"},"year":null,"licence":null,"types":["map","dataset"],"subregions":[]}]}},{"type":"Feature","properties":{"name":"Austria","count":5,"capacity":4,"types":["capacitydata","map","dataset"],"datasets":[{"title":"Grid Capacity","url":"https://www.ebutilities.at/verfuegbare-netzanschlusskapazitaeten","host":"ebutilities.at","source":{"key":"operator","label":"Operator / TSO"},"year":null,"licence":"proprietary","types":["capacitydata","map"],"subregions":[]},{"title":"Netz Niederösterreich - Trafokarte für Einspeiser","url":"https://netz-noe.at/strom/versorgungsgebiete-und-kapazitaeten/trafokarte-fuer-einspeiser","host":"netz-noe.at","source":{"key":"operator","label":"Operator / TSO"},"year":null,"licence":null,"types":["capacitydata","map"],"subregions":["Lower Austria"]},{"title":"Netz Niederösterreich - INSPIRE Download Service for Grid Assets","url":"https://geoportal.inspire.gv.at/metadatensuche/inspire/api/records/ab5bc2de-ec2d-400c-abd7-d326d6a97b0c","host":"geoportal.inspire.gv.at","source":{"key":"operator","label":"Operator / TSO"},"year":null,"licence":null,"types":["dataset"],"subregions":["Lower Austria"]},{"title":"Energienetze Steiermark - Freie Einspeisekapazitäten","url":"https://www.e-netze.at/Service/FEK/Default.aspx","host":"e-netze.at","source":{"key":"operator","label":"Operator / TSO"},"year":"2026","licence":null,"types":["capacitydata","map"],"subregions":["Styria"]},{"title":"TINETZ - Freie Einspeisekapazitäten","url":"https://www.tinetz.at/infobereich/technische-vorschriften/qualitaetsstandards-und-freie-einspeisekapazitaeten/","host":"tinetz.at","source":{"key":"operator","label":"Operator / TSO"},"year":"2026","licence":null,"types":["capacitydata","map"],"subregions":["Tyrol"]}]}},{"type":"Feature","properties":{"name":"Belarus","count":1,"capacity":0,"types":["map"],"datasets":[{"title":"High-voltage transmission lines","url":"https://www.minenergo.gov.by/press/novosti/o-nekotorykh-merakh-po-povysheniyu-nadezhnosti-belorusskoy-energosistemy/","host":"minenergo.gov.by","source":{"key":"gov","label":"Government"},"year":"2018","licence":null,"types":["map"],"subregions":[]}]}},{"type":"Feature","properties":{"name":"Belgium","count":5,"capacity":4,"types":["map","capacitydata"],"datasets":[{"title":"High-voltage transmission lines","url":"https://www.elia.be/en/infrastructure-and-projects/our-infrastructure","host":"elia.be","source":{"key":"operator","label":"Operator / TSO"},"year":"2023","licence":"proprietary","types":["map"],"subregions":[]},{"title":"ORES - Global Capacity Announcement Map","url":"https://extranet.ores.be/fr/maps/gcan","host":"extranet.ores.be","source":{"key":"operator","label":"Operator / TSO"},"year":null,"licence":null,"types":["capacitydata","map"],"subregions":[]},{"title":"Elia - Hosting Capacity Map","url":"https://opendata.elia.be/map/","host":"opendata.elia.be","source":{"key":"opendata","label":"Open data"},"year":null,"licence":null,"types":["capacitydata","map"],"subregions":[]},{"title":"Fluvius - Netcongestie Vlaanderen, aansluitingsmogelijkheden per stroomgebied","url":"https://www.fluvius.be/nl/nieuws/netcongestiemaatregelen-in-vlaanderen/cijfers-kaarten","host":"fluvius.be","source":{"key":"operator","label":"Operator / TSO"},"year":"2026","licence":null,"types":["capacitydata","map"],"subregions":[]},{"title":"RESA - Capacités permanentes d'injection","url":"https://www.resa.be/fr/capacites-permanentes/","host":"resa.be","source":{"key":"operator","label":"Operator / TSO"},"year":null,"licence":null,"types":["capacitydata","map"],"subregions":[]}]}},{"type":"Feature","properties":{"name":"Bulgaria","count":5,"capacity":3,"types":["map","capacitydata"],"datasets":[{"title":"Electricity Production & Transmission Network","url":"https://bgenh.com/en/page/47/Electricity.html","host":"bgenh.com","source":{"key":"operator","label":"Operator / TSO"},"year":null,"licence":"proprietary","types":["map"],"subregions":[]},{"title":"Electricity trasnsmission system","url":"https://www.eso.bg/doc?13","host":"eso.bg","source":{"key":"operator","label":"Operator / TSO"},"year":null,"licence":"proprietary","types":["map"],"subregions":[]},{"title":"ERM Zapad - RES connection-capacity check / Капацитет за ВЕИ производители","url":"https://ermzapad.bg/bg/za-klienta/uslugi/prisedinyavaniya/proverka-za-nalichie-na-kapacitet-na-erm-zapad-za-vei-proizvoditeli/","host":"ermzapad.bg","source":{"key":"operator","label":"Operator / TSO"},"year":"2025","licence":null,"types":["capacitydata"],"subregions":[]},{"title":"ERP Sever - Grid capacity check / Проверка на капацитета на електроразпределителната мрежа","url":"https://www.erpsever.bg/bg/prisyedinjavane-kym-mrejata/proverka-na-kapaciteta-na-elektrorazpredelitelnata-mreja","host":"erpsever.bg","source":{"key":"operator","label":"Operator / TSO"},"year":null,"licence":null,"types":["capacitydata"],"subregions":[]},{"title":"ERP Yug - Generation-capacity check / Свободен капацитет за производители","url":"https://www.elyug.bg/ProduceCapacity/ProduceCapacity.aspx","host":"elyug.bg","source":{"key":"operator","label":"Operator / TSO"},"year":null,"licence":null,"types":["capacitydata"],"subregions":[]}]}},{"type":"Feature","properties":{"name":"Croatia","count":2,"capacity":0,"types":["map","dataset"],"datasets":[{"title":"Power transmission scheme","url":"https://www.hops.hr/en/system-scheme","host":"hops.hr","source":{"key":"operator","label":"Operator / TSO"},"year":"2020","licence":null,"types":["map"],"subregions":[]},{"title":"HOPS - Digitalna karta visokonaponskih objekata i postrojenja, 110/220/400 kV","url":"https://registri.nipp.hr/izvori/1195","host":"registri.nipp.hr","source":{"key":"operator","label":"Operator / TSO"},"year":null,"licence":null,"types":["dataset","map"],"subregions":[]}]}},{"type":"Feature","properties":{"name":"Cyprus","count":4,"capacity":2,"types":["capacitydata","report","dataset","map"],"datasets":[{"title":"Cyprus Grid - Electricity Generation Data","url":"https://cyprusgrid.com/","host":"cyprusgrid.com","source":{"key":"operator","label":"Operator / TSO"},"year":"2025","licence":"proprietary","types":["capacitydata","report"],"subregions":[]},{"title":"Transmission Substations Dataset","url":"https://www.arcgis.com/home/item.html?id=3c33a4647de3416e8f21574ab8a4a0a1","host":"arcgis.com","source":{"key":"opendata","label":"Open data"},"year":"2024","licence":null,"types":["dataset","map"],"subregions":[]},{"title":"Integration of a high share of variable RES in the Cyprus power system - list of substation names","url":"https://www.energy.gov.cy/assets/modules/wnp/articles/202307/226/docs/cyprus_resgrid_summary_v16.pdf","host":"energy.gov.cy","source":{"key":"gov","label":"Government"},"year":"2023","licence":null,"types":["report"],"subregions":[]},{"title":"EAC / TSOC - RES hosting capacity by transmission substation","url":"https://pilot.eac.com.cy/distribution/res_systems/","host":"pilot.eac.com.cy","source":{"key":"operator","label":"Operator / TSO"},"year":null,"licence":null,"types":["capacitydata","map"],"subregions":[]}]}},{"type":"Feature","properties":{"name":"Czechia","count":9,"capacity":5,"types":["map","dataset","capacitydata"],"datasets":[{"title":"Transmission and Distribution Grid Data","url":"https://www.ote-cr.cz/cs/statistika/elektrizacni-soustava-cr.png","host":"ote-cr.cz","source":{"key":"operator","label":"Operator / TSO"},"year":"2020","licence":null,"types":["map"],"subregions":[]},{"title":"Transmission Grid TSO map","url":"https://www.ceps.cz/en/transmission-system-data","host":"ceps.cz","source":{"key":"operator","label":"Operator / TSO"},"year":null,"licence":null,"types":["map"],"subregions":[]},{"title":"EGD Grid map","url":"https://www.egd.cz/sites/default/files/2024-12/schema-siti-400-220-a-110-kv-v-oblasti-pusobnosti-final.pdf","host":"egd.cz","source":{"key":"operator","label":"Operator / TSO"},"year":"2024","licence":null,"types":["map"],"subregions":[]},{"title":"EGD DSO Capacity data for 110kv","url":"https://www.egd.cz/sites/default/files/2024-12/volna-distribucni-kapacita-distribucnich-siti-eg.d-a.s-pro-rok-2024_final.pdf","host":"egd.cz","source":{"key":"operator","label":"Operator / TSO"},"year":"2024","licence":null,"types":["dataset"],"subregions":[]},{"title":"ZABAGED – Fundamental Base of Geographic Data of the Czech Republic","url":"https://geoportal.cuzk.gov.cz/(S(vsj5ubzrbq1bwxrauevyyr1w","host":"geoportal.cuzk.gov.cz","source":{"key":"gov","label":"Government"},"year":"2025","licence":"cc-by-4.0","types":["dataset","capacitydata"],"subregions":[]},{"title":"ČEZ Distribuce - Mapa volné kapacity pro výrobny","url":"https://www.cezdistribuce.cz/cs/mapy-dostupne-kapacity-distribucni-site/mapa-pro-vyrobny","host":"cezdistribuce.cz","source":{"key":"operator","label":"Operator / TSO"},"year":null,"licence":null,"types":["capacitydata","map"],"subregions":[]},{"title":"ČEPS - Hosting Capacity Map","url":"https://www.ceps.cz/en/hosting-capacity-map","host":"ceps.cz","source":{"key":"operator","label":"Operator / TSO"},"year":null,"licence":null,"types":["capacitydata","map"],"subregions":[]},{"title":"PREdistribuce - Mapa volné distribuční kapacity pro připojování výroben","url":"https://www.predistribuce.cz/cs/potrebuji-zaridit/vyrobci/mapa-pripojitelnosti-vyroben/","host":"predistribuce.cz","source":{"key":"operator","label":"Operator / TSO"},"year":null,"licence":null,"types":["capacitydata","map"],"subregions":[]},{"title":"EG.D - Mapa připojitelnosti","url":"https://pripojitelnost.egd.cz/public/","host":"pripojitelnost.egd.cz","source":{"key":"operator","label":"Operator / TSO"},"year":null,"licence":null,"types":["capacitydata","map"],"subregions":[]}]}},{"type":"Feature","properties":{"name":"Denmark","count":6,"capacity":2,"types":["dataset","capacitydata","report","map"],"datasets":[{"title":"Connection Points in the Electricity Grid and Voltage Levels","url":"https://www.energidataservice.dk/tso-electricity/ConnectionPointsInGrid","host":"energidataservice.dk","source":{"key":"operator","label":"Operator / TSO"},"year":"2024","licence":"cc-by-4.0","types":["dataset"],"subregions":[]},{"title":"Grid Capacity Map TSO-Substations geolocations","url":"https://www.energidataservice.dk/tso-electricity/GridCapacityMapTSO","host":"energidataservice.dk","source":{"key":"operator","label":"Operator / TSO"},"year":"2025","licence":null,"types":["dataset","capacitydata"],"subregions":[]},{"title":"Grid Capacity","url":"https://storymaps.arcgis.com/stories/eb5b387e376f49b8996d5e7c47fbdd37","host":"storymaps.arcgis.com","source":{"key":"opendata","label":"Open data"},"year":null,"licence":null,"types":["dataset","report"],"subregions":[]},{"title":"Map","url":"https://en.energinet.dk/media/f3lpr5du/jke-danmark-stadie-2020-uk.jpg","host":"en.energinet.dk","source":{"key":"operator","label":"Operator / TSO"},"year":"2020","licence":null,"types":["map"],"subregions":[]},{"title":"Energinet - INSPIRE electricity routes and station areas","url":"https://agis.energinet.dk/server/rest/services/INSPIRE/XP_el_Inspir/MapServer","host":"agis.energinet.dk","source":{"key":"operator","label":"Operator / TSO"},"year":null,"licence":null,"types":["dataset"],"subregions":[]},{"title":"Energinet - Overblik over nettilslutningsprojekter","url":"https://www.energinet.dk/el/nyt-anlaeg-i-elnettet/overblik-over-nettilslutningsprojekter/","host":"energinet.dk","source":{"key":"operator","label":"Operator / TSO"},"year":"2026","licence":null,"types":["capacitydata","map"],"subregions":[]}]}},{"type":"Feature","properties":{"name":"Estonia","count":4,"capacity":1,"types":["map","report","other","capacitydata"],"datasets":[{"title":"Capacity Map","url":"https://elering.ee/","host":"elering.ee","source":{"key":"operator","label":"Operator / TSO"},"year":null,"licence":null,"types":["map"],"subregions":[]},{"title":"Electricity Grid Development Plan 2025-2034","url":"https://elering.ee/sites/default/files/public/elekter/elektris%C3%BCsteem/Eesti%20elektriu%CC%88lekandevo%CC%83rgu%20arengukava%202025-2034.pdf","host":"elering.ee","source":{"key":"operator","label":"Operator / TSO"},"year":"2025","licence":null,"types":["report"],"subregions":[]},{"title":"Land and Spatial Development","url":"https://xgis.maaamet.ee/xgis2/page/link/15XS10wa","host":"xgis.maaamet.ee","source":{"key":"operator","label":"Operator / TSO"},"year":null,"licence":null,"types":["other"],"subregions":[]},{"title":"Elektrilevi - Vabad võimsused","url":"https://elektrilevi.ee/en/elektritootja/vabad-voimsused","host":"elektrilevi.ee","source":{"key":"operator","label":"Operator / TSO"},"year":null,"licence":null,"types":["capacitydata","map"],"subregions":[]}]}},{"type":"Feature","properties":{"name":"France","count":14,"capacity":4,"types":["map","capacitydata","dataset"],"datasets":[{"title":"Electricity Grid","url":"https://dataviz.agenceore.fr/cartographie-reseaux/#","host":"dataviz.agenceore.fr","source":{"key":"operator","label":"Operator / TSO"},"year":null,"licence":null,"types":["map"],"subregions":[]},{"title":"Structural french grid data with detailed topology time series","url":"https://huggingface.co/datasets/OpenSynth/D-GITT-RTE7000-2021","host":"huggingface.co","source":{"key":"opendata","label":"Open data"},"year":"2021","licence":"cc-by-sa-4.0","types":["capacitydata"],"subregions":[]},{"title":"Caparéseau - Capacités d'accueil du réseau","url":"https://www.services-rte.com/fr/decouvrez-nos-offres-de-services/consulter-les-capacites-d-accueil-du-reseau-capareseau.html","host":"services-rte.com","source":{"key":"operator","label":"Operator / TSO"},"year":null,"licence":null,"types":["capacitydata","map"],"subregions":[]},{"title":"Capacités d'accueil du réseau - data.gouv.fr","url":"https://www.data.gouv.fr/datasets/capacites-daccueil-du-reseau","host":"data.gouv.fr","source":{"key":"gov","label":"Government"},"year":null,"licence":null,"types":["capacitydata","dataset"],"subregions":[]},{"title":"RTE - Zones de mutualisation et capacités d'accueil pour la consommation","url":"https://www.services-rte.com/fr/decouvrez-nos-offres-de-service/consulter-la-localisation-des-zones-de-mutualisation-et-les-capacites-daccueil-pour-la-consommation.html","host":"services-rte.com","source":{"key":"operator","label":"Operator / TSO"},"year":null,"licence":null,"types":["capacitydata","map"],"subregions":[]},{"title":"Enedis - Position géographique des poteaux HTA et BT","url":"https://opendata.enedis.fr/datasets/position-geographique-des-poteaux-hta-et-bt","host":"opendata.enedis.fr","source":{"key":"opendata","label":"Open data"},"year":null,"licence":"odbl","types":["dataset"],"subregions":[]},{"title":"Enedis - Postes électriques HTA/BT","url":"https://opendata.enedis.fr/datasets/poste-electrique","host":"opendata.enedis.fr","source":{"key":"opendata","label":"Open data"},"year":null,"licence":"licence-ouverte-2.0","types":["dataset"],"subregions":[]},{"title":"Enedis - Lignes électriques aériennes basse tension","url":"https://opendata.enedis.fr/datasets/reseau-bt","host":"opendata.enedis.fr","source":{"key":"opendata","label":"Open data"},"year":null,"licence":"licence-ouverte-2.0","types":["dataset"],"subregions":[]},{"title":"Enedis - Lignes électriques aériennes moyenne tension, HTA","url":"https://opendata.enedis.fr/datasets/reseau-hta","host":"opendata.enedis.fr","source":{"key":"opendata","label":"Open data"},"year":null,"licence":"licence-ouverte-2.0","types":["dataset"],"subregions":[]},{"title":"Enedis - Lignes électriques souterraines basse tension","url":"https://opendata.enedis.fr/datasets/reseau-souterrain-bt","host":"opendata.enedis.fr","source":{"key":"opendata","label":"Open data"},"year":null,"licence":"licence-ouverte-2.0","types":["dataset"],"subregions":[]},{"title":"Enedis - Lignes électriques souterraines moyenne tension, HTA","url":"https://opendata.enedis.fr/datasets/reseau-souterrain-hta","host":"opendata.enedis.fr","source":{"key":"opendata","label":"Open data"},"year":null,"licence":"licence-ouverte-2.0","types":["dataset"],"subregions":[]},{"title":"RTE - Sites électriques et points de piquage, ODRÉ","url":"https://odre.opendatasoft.com/explore/dataset/postes-electriques-rte/","host":"odre.opendatasoft.com","source":{"key":"opendata","label":"Open data"},"year":"2026","licence":"licence-ouverte-2.0","types":["dataset"],"subregions":[]},{"title":"RTE - Lignes aériennes, nouveau découpage, ODRÉ","url":"https://odre.opendatasoft.com/explore/dataset/lignes-aeriennes-rte-nv/","host":"odre.opendatasoft.com","source":{"key":"opendata","label":"Open data"},"year":"2026","licence":"licence-ouverte-2.0","types":["dataset"],"subregions":[]},{"title":"RTE - Lignes souterraines, nouveau découpage, ODRÉ","url":"https://odre.opendatasoft.com/explore/dataset/lignes-souterraines-rte-nv/","host":"odre.opendatasoft.com","source":{"key":"opendata","label":"Open data"},"year":"2026","licence":"licence-ouverte-2.0","types":["dataset"],"subregions":[]}]}},{"type":"Feature","properties":{"name":"Germany","count":9,"capacity":5,"types":["map","dataset","capacitydata"],"datasets":[{"title":"Uebertragungsnetz.de - Germany Grid Live Data","url":"https://www.uebertragungsnetz.de/","host":"uebertragungsnetz.de","source":{"key":"operator","label":"Operator / TSO"},"year":null,"licence":null,"types":["map"],"subregions":[]},{"title":"Karte \"Deutsches Höchstspannungsnetz\"","url":"https://www.vde.com/de/fnn/dokumente/karte-deutsches-hoechstspannungsnetz","host":"vde.com","source":{"key":"operator","label":"Operator / TSO"},"year":"2024","licence":null,"types":["map"],"subregions":[]},{"title":"BKG – Digitales Landschaftsmodell 1:250 000 (DLM250)","url":"https://gdz.bkg.bund.de/index.php/default/digitales-landschaftsmodell-1-250-000-ebenen-dlm250-ebenen.html","host":"gdz.bkg.bund.de","source":{"key":"operator","label":"Operator / TSO"},"year":"2024","licence":"dl-de-by-2.0","types":["dataset"],"subregions":[]},{"title":"TransnetBW - Netzanschlusskarte","url":"https://www.transnetbw.de/de/transparenz/netzzugang-und-entgelt/netzanschlusskarte","host":"transnetbw.de","source":{"key":"operator","label":"Operator / TSO"},"year":null,"licence":null,"types":["capacitydata","map"],"subregions":[]},{"title":"Amprion - Grid Connection Options and Switchgear Availability","url":"https://www.amprion.net/Strommarkt/Netzkunden/Netzanschluss/Kundenprojekte-sowie-Schaltfeldverf%C3%BCgbarkeit.html","host":"amprion.net","source":{"key":"operator","label":"Operator / TSO"},"year":null,"licence":null,"types":["capacitydata","map"],"subregions":[]},{"title":"TenneT - Possible New Connections / Target Grid Map Germany","url":"https://experience.arcgis.com/experience/e454127391dc4becb3763c3c9e640c9f/page/Germany-/","host":"experience.arcgis.com","source":{"key":"opendata","label":"Open data"},"year":null,"licence":null,"types":["capacitydata","map"],"subregions":[]},{"title":"Bundesnetzagentur - Netzausbau Map of Grid Expansion Projects","url":"https://www.netzausbau.de/Vorhaben/uebersicht/karte/karte.html","host":"netzausbau.de","source":{"key":"operator","label":"Operator / TSO"},"year":null,"licence":null,"types":["map"],"subregions":[]},{"title":"MITNETZ STROM - SNAP Schnelle Netzanschlussprüfung","url":"https://www.mitnetz-strom.de/online-services/snap-schnelle-netzanschlusspr%C3%BCfung-ms","host":"mitnetz-strom.de","source":{"key":"operator","label":"Operator / TSO"},"year":null,"licence":null,"types":["capacitydata","map"],"subregions":[]},{"title":"Netze BW - Mittelspannungsauskunft","url":"https://www.netze-bw.de/stromeinspeisung/mittelspannungsauskunft","host":"netze-bw.de","source":{"key":"operator","label":"Operator / TSO"},"year":null,"licence":null,"types":["capacitydata","map"],"subregions":["Baden-Württemberg"]}]}},{"type":"Feature","properties":{"name":"Greece","count":2,"capacity":1,"types":["map","capacitydata","dataset"],"datasets":[{"title":"Independent Power Transmission Operator - Grid Map","url":"https://www.admie.gr/en/grid/description/lines-map","host":"admie.gr","source":{"key":"operator","label":"Operator / TSO"},"year":null,"licence":null,"types":["map"],"subregions":[]},{"title":"DEDDIE / HEDNO - WebAPE renewable hosting capacity","url":"https://apps.deddie.gr/WebAPE/main.html","host":"apps.deddie.gr","source":{"key":"operator","label":"Operator / TSO"},"year":null,"licence":null,"types":["capacitydata","map","dataset"],"subregions":[]}]}},{"type":"Feature","properties":{"name":"Hungary","count":5,"capacity":3,"types":["map","report","capacitydata","dataset"],"datasets":[{"title":"Electricity infrastructure","url":"https://www.iea.org/articles/hungary-electricity-security-policy","host":"iea.org","source":{"key":"operator","label":"Operator / TSO"},"year":"2022","licence":"cc-by-4.0","types":["map","report"],"subregions":[]},{"title":"Mavir TSO map","url":"https://www.mavir.hu/web/mavir-en","host":"mavir.hu","source":{"key":"operator","label":"Operator / TSO"},"year":null,"licence":null,"types":["map"],"subregions":[]},{"title":"E.ON Hungária - Szabad kapacitás","url":"https://www.eon.hu/hu/lakossagi/ugyintezes/kiemelt-informaciok/szabad-kapacitas.html","host":"eon.hu","source":{"key":"operator","label":"Operator / TSO"},"year":"2026","licence":null,"types":["capacitydata","dataset"],"subregions":[]},{"title":"MVM Hálózat - Elosztói szabad kapacitások","url":"https://mvmhalozat.hu/aram/oldalak/125383","host":"mvmhalozat.hu","source":{"key":"operator","label":"Operator / TSO"},"year":null,"licence":null,"types":["capacitydata","dataset"],"subregions":[]},{"title":"OPUS TITÁSZ - Alállomások szabad kapacitásai","url":"https://www.opustitasz.hu/ugyfelek/halozati-szolgaltatas-es-termekek/alallomasok-szabad-kapacitasai","host":"opustitasz.hu","source":{"key":"operator","label":"Operator / TSO"},"year":"2026","licence":null,"types":["capacitydata","dataset"],"subregions":[]}]}},{"type":"Feature","properties":{"name":"Iceland","count":3,"capacity":0,"types":["map","dataset"],"datasets":[{"title":"Landsnet - Transmission and Distribution Grid","url":"https://www.map.is/landsnet/","host":"map.is","source":{"key":"operator","label":"Operator / TSO"},"year":null,"licence":null,"types":["map"],"subregions":[]},{"title":"Substations List","url":"https://www.landsnet.is/flutningskerfid/raforkumannvirkin/","host":"landsnet.is","source":{"key":"operator","label":"Operator / TSO"},"year":null,"licence":null,"types":["dataset"],"subregions":[]},{"title":"Low Voltage Distribution Grid","url":"https://www.arcgis.com/apps/mapviewer/index.html?url=https://services5.arcgis.com/62o2qANhRqripAuB/ArcGIS/rest/services/RARIK_Map_WFL1/FeatureServer/3&source=sd","host":"arcgis.com","source":{"key":"opendata","label":"Open data"},"year":null,"licence":null,"types":["map"],"subregions":[]}]}},{"type":"Feature","properties":{"name":"Ireland","count":3,"capacity":2,"types":["dataset","capacitydata","map","report"],"datasets":[{"title":"Grid Capacity","url":"https://www.esbnetworks.ie/services/get-connected/renewable-connection/network-capacity-heatmap#","host":"esbnetworks.ie","source":{"key":"operator","label":"Operator / TSO"},"year":"2025","licence":null,"types":["dataset","capacitydata"],"subregions":[]},{"title":"EirGrid Transmission System Map","url":"https://www.eirgrid.ie/grid/how-grid-works/irelands-grid","host":"eirgrid.ie","source":{"key":"operator","label":"Operator / TSO"},"year":"2025","licence":null,"types":["map"],"subregions":[]},{"title":"EirGrid - Connected and contracted generators register","url":"https://www.eirgrid.ie/industry/customer-information/connected-and-contracted-generators","host":"eirgrid.ie","source":{"key":"operator","label":"Operator / TSO"},"year":null,"licence":null,"types":["capacitydata","report"],"subregions":[]}]}},{"type":"Feature","properties":{"name":"Italy","count":8,"capacity":1,"types":["map","capacitydata","dataset"],"datasets":[{"title":"Substations Italy - Gestore dei servizi energetici","url":"https://mappe.gse.it/portal/apps/experiencebuilder/experience/?id=7cdfc4cfb0bb4beead292e9290fdeebd","host":"mappe.gse.it","source":{"key":"operator","label":"Operator / TSO"},"year":"2023","licence":null,"types":["map"],"subregions":[]},{"title":"Terna ELECTRIC GRID","url":"https://www.terna.it/DesktopModules/AdactoBackend/API/directdownload/get?file=2%20-%20RETE_8da7ab723a25a6c.pdf","host":"terna.it","source":{"key":"operator","label":"Operator / TSO"},"year":"2021","licence":null,"types":["map","capacitydata"],"subregions":[]},{"title":"South Tyrol – Energy Infrastructure INSPIRE Datasets","url":"https://data.civis.bz.it","host":"data.civis.bz.it","source":{"key":"operator","label":"Operator / TSO"},"year":"2021","licence":"cc0-1.0","types":["dataset"],"subregions":[]},{"title":"DBTR - Tratta di elettrodotto aereo, rete elettrica","url":"https://geoportale.regione.emilia-romagna.it/catalogo/dati-cartografici/cartografia-di-base/database-topografico-regionale/reti-di-sottoservizi/rete-elettrica/layer","host":"geoportale.regione.emilia-romagna.it","source":{"key":"operator","label":"Operator / TSO"},"year":"2021","licence":"cc-by-4.0","types":["dataset"],"subregions":["Emilia-Romagna"]},{"title":"Catasto elettrodotti 1:10.000 - tralicci, tratte e cabine, WMS","url":"https://geoservizi.regione.liguria.it/geoserver/M849/wms?version=1.3.0&request=GetCapabilities","host":"geoservizi.regione.liguria.it","source":{"key":"operator","label":"Operator / TSO"},"year":null,"licence":null,"types":["dataset","map"],"subregions":["Liguria"]},{"title":"BDTRE - Tratto di linea della rete elettrica, TR_ELE","url":"https://www.geoportale.piemonte.it/geonetwork/srv/api/records/r_piemon%3Acbaed48c-2902-45c6-890f-1a7ea0d73aed","host":"geoportale.piemonte.it","source":{"key":"operator","label":"Operator / TSO"},"year":"2024","licence":null,"types":["dataset"],"subregions":["Piemonte"]},{"title":"BDTRE - Nodo della rete elettrica, ND_ELE","url":"https://www.geoportale.piemonte.it/geonetwork/srv/api/records/r_piemon%3A4f4a16f0-c63e-49a6-9334-0e49b22a29e6","host":"geoportale.piemonte.it","source":{"key":"operator","label":"Operator / TSO"},"year":"2024","licence":null,"types":["dataset"],"subregions":["Piemonte"]},{"title":"DBGT 10K - Nodo rete elettrica","url":"https://geodati.gov.it/resource/id/R_SARDEG%3A11111111-1111-1111-1111-111111113286","host":"geodati.gov.it","source":{"key":"gov","label":"Government"},"year":"2024","licence":"cc-by-4.0","types":["dataset"],"subregions":["Sardegna"]}]}},{"type":"Feature","properties":{"name":"Latvia","count":3,"capacity":2,"types":["map","capacitydata"],"datasets":[{"title":"Transmission network and substations","url":"https://www.ast.lv/en/transmission-network-info/transmission-network-and-substations","host":"ast.lv","source":{"key":"operator","label":"Operator / TSO"},"year":null,"licence":null,"types":["map"],"subregions":[]},{"title":"AST – Interactive Transmission Grid Map","url":"https://astmap.lvm.lv/","host":"astmap.lvm.lv","source":{"key":"operator","label":"Operator / TSO"},"year":"2026","licence":null,"types":["map","capacitydata"],"subregions":[]},{"title":"Sadales tīkls - Brīvā jauda","url":"https://karte.sadalestikls.lv/lv/briva-jauda","host":"karte.sadalestikls.lv","source":{"key":"operator","label":"Operator / TSO"},"year":null,"licence":null,"types":["capacitydata","map"],"subregions":[]}]}},{"type":"Feature","properties":{"name":"Lithuania","count":8,"capacity":4,"types":["map","report","capacitydata","dataset"],"datasets":[{"title":"Lithuania Power System Information - Transmission Grid","url":"https://www.litgrid.eu/index.php/power-system/power-system-information/transmission-grid-/544","host":"litgrid.eu","source":{"key":"operator","label":"Operator / TSO"},"year":null,"licence":null,"types":["map"],"subregions":[]},{"title":"Litgrid Transmission Network","url":"https://www.iea.org/articles/lithuania-electricity-security-policy","host":"iea.org","source":{"key":"operator","label":"Operator / TSO"},"year":"2022","licence":"cc-by-4.0","types":["report"],"subregions":[]},{"title":"ESO - Transformatorių pastočių laisvų galių žemėlapis vartotojams","url":"https://www.eso.lt/verslui/elektra/elektros-liniju-zemelapiai/transformatoriu-pastociu-laisvu-galiu-zemelapis-vartotojams/3931","host":"eso.lt","source":{"key":"operator","label":"Operator / TSO"},"year":null,"licence":null,"types":["capacitydata","map"],"subregions":[]},{"title":"ESO - Transformatorių pastočių laisvų galių žemėlapiai gamintojų prijungimui","url":"https://www.eso.lt/transformatoriu-pastociu-laisvu-galiu-zemelapiai-gamintoju-prijungimui","host":"eso.lt","source":{"key":"operator","label":"Operator / TSO"},"year":null,"licence":null,"types":["capacitydata","map"],"subregions":[]},{"title":"ESO - Elektros skirstomojo tinklo duomenys","url":"https://data.gov.lt/datasets/3455/","host":"data.gov.lt","source":{"key":"gov","label":"Government"},"year":null,"licence":null,"types":["dataset","map"],"subregions":[]},{"title":"Litgrid and Amber Grid - 2026-2035 energetikos tinklų plėtros žemėlapis","url":"https://experience.arcgis.com/experience/0b551844e2954b8fb04147bc952621d8/page/Page","host":"experience.arcgis.com","source":{"key":"opendata","label":"Open data"},"year":"2026","licence":null,"types":["map"],"subregions":[]},{"title":"Litgrid - Perdavimo tinklo vartojimo pralaidumų žemėlapis","url":"https://experience.arcgis.com/experience/d5e4105c8c634a0aaa117d518ab1b37d/page/Page","host":"experience.arcgis.com","source":{"key":"opendata","label":"Open data"},"year":"2026","licence":null,"types":["capacitydata","map"],"subregions":[]},{"title":"Litgrid - AEI elektrinių prijungimo žemėlapis","url":"https://www.litgrid.eu/index.php/aei-centras/aei-elektriniu-prijungimo-zemelapis/32331","host":"litgrid.eu","source":{"key":"operator","label":"Operator / TSO"},"year":"2025","licence":null,"types":["capacitydata","map"],"subregions":[]}]}},{"type":"Feature","properties":{"name":"Moldova","count":1,"capacity":0,"types":["map"],"datasets":[{"title":"Green Map Moldova","url":"https://renergy.md/greenmap/","host":"renergy.md","source":{"key":"operator","label":"Operator / TSO"},"year":"2025","licence":null,"types":["map"],"subregions":[]}]}},{"type":"Feature","properties":{"name":"Luxembourg","count":3,"capacity":1,"types":["dataset","capacitydata","map"],"datasets":[{"title":"Electricity Network","url":"https://data.public.lu/en/datasets/inspire-annex-iii-utility-and-governmental-services-electricitynetwork-utilitylink-bd-l-tc-electricity-transmission-lines-from-the-official-carto-topographic-database-3/","host":"data.public.lu","source":{"key":"operator","label":"Operator / TSO"},"year":null,"licence":null,"types":["dataset"],"subregions":[]},{"title":"Creos - Grid hosting capacity","url":"https://www.creos-net.lu/espace-pro/produits-et-services/grid-hosting-capacity","host":"creos-net.lu","source":{"key":"operator","label":"Operator / TSO"},"year":"2026","licence":null,"types":["capacitydata","map"],"subregions":[]},{"title":"Lignes électriques de hautes tensions 3D, LiDAR","url":"https://data.public.lu/en/datasets/lignes-electriques-de-hautes-tensions-3d/","host":"data.public.lu","source":{"key":"operator","label":"Operator / TSO"},"year":"2024","licence":null,"types":["dataset"],"subregions":[]}]}},{"type":"Feature","properties":{"name":"Netherlands","count":9,"capacity":0,"types":["map","other","dataset"],"datasets":[{"title":"Grid Capacity","url":"https://data.partnersinenergie.nl/capaciteitskaart/totaal/afname","host":"data.partnersinenergie.nl","source":{"key":"operator","label":"Operator / TSO"},"year":null,"licence":null,"types":["map"],"subregions":[]},{"title":"Grid Maps and ArcGIS of Tennet","url":"https://www.tennet.eu/grids-and-markets/grid-maps","host":"tennet.eu","source":{"key":"operator","label":"Operator / TSO"},"year":null,"licence":null,"types":["other"],"subregions":[]},{"title":"Hoogspanningsnet Nederland - Asset gegevens TenneT TSO B.V.","url":"https://www.arcgis.com/home/item.html?id=6cc2c64f88004bf0bfd2e211f3c0bf6d","host":"arcgis.com","source":{"key":"opendata","label":"Open data"},"year":null,"licence":null,"types":["other"],"subregions":[]},{"title":"Tennet OpenGIS","url":"https://services-eu1.arcgis.com/WjozPuR5ROn6NZE8/ArcGIS/rest/services/","host":"services-eu1.arcgis.com","source":{"key":"opendata","label":"Open data"},"year":null,"licence":null,"types":["other"],"subregions":[]},{"title":"TenneT Assets Hoogspanning","url":"https://www.arcgis.com/apps/mapviewer/index.html?url=https://services-eu1.arcgis.com/WjozPuR5ROn6NZE8/ArcGIS/rest/services/TenneT_Assets_Hoogspanning/FeatureServer&source=sd","host":"arcgis.com","source":{"key":"opendata","label":"Open data"},"year":null,"licence":null,"types":["map"],"subregions":[]},{"title":"Liander Open Data Elektranet","url":"https://www.arcgis.com/apps/mapviewer/index.html?webmap=0097c633fb7f421aad7053f55060fa9c","host":"arcgis.com","source":{"key":"opendata","label":"Open data"},"year":null,"licence":null,"types":["other"],"subregions":[]},{"title":"HoogspanningsNet Netschema","url":"https://www.hoogspanningsnet.com/netschema/koppelnet-nederland/","host":"hoogspanningsnet.com","source":{"key":"operator","label":"Operator / TSO"},"year":null,"licence":null,"types":["other"],"subregions":[]},{"title":"Target Grid Map National NL","url":"https://www.arcgis.com/apps/mapviewer/index.html?webmap=201c1316cd2a4df284760aeb53f2b832","host":"arcgis.com","source":{"key":"opendata","label":"Open data"},"year":"2025","licence":null,"types":["map","dataset"],"subregions":[]},{"title":"Stedin - Liggingsdata kabels en leidingen","url":"https://www.stedin.net/zakelijk/open-data/liggingsdata-kabels-en-leidingen","host":"stedin.net","source":{"key":"operator","label":"Operator / TSO"},"year":null,"licence":null,"types":["dataset"],"subregions":[]}]}},{"type":"Feature","properties":{"name":"Poland","count":5,"capacity":4,"types":["map","report","capacitydata","dataset"],"datasets":[{"title":"Grid Capacity","url":"https://www.pse.pl/obszary-dzialalnosci/krajowy-system-elektroenergetyczny/informacja-o-dostepnosci-mocy-przylaczeniowej","host":"pse.pl","source":{"key":"operator","label":"Operator / TSO"},"year":"2025","licence":null,"types":["map","report"],"subregions":[]},{"title":"Enea Operator - Mapa Dostępnych Mocy Przyłączeniowych","url":"https://www.operator.enea.pl/przylaczenie-do-sieci/dostepne-moce","host":"operator.enea.pl","source":{"key":"operator","label":"Operator / TSO"},"year":null,"licence":null,"types":["capacitydata","map"],"subregions":[]},{"title":"Energa-Operator - Informacje o stanie przyłączeń","url":"https://energa-operator.pl/przylaczenie-do-sieci/informacje-o-stanie-przylaczen","host":"energa-operator.pl","source":{"key":"operator","label":"Operator / TSO"},"year":null,"licence":null,"types":["capacitydata","dataset"],"subregions":[]},{"title":"PGE Dystrybucja - Informacja o łącznej dostępnej mocy przyłączeniowej","url":"https://pgedystrybucja.pl/przylaczenia/procedury-przylaczeniowe/informacja-o-lacznej-dostepnej-mocy-przylaczeniowej","host":"pgedystrybucja.pl","source":{"key":"operator","label":"Operator / TSO"},"year":null,"licence":null,"types":["capacitydata","report"],"subregions":[]},{"title":"TAURON Dystrybucja - Dostępne moce i planowane przyłączenia","url":"https://www.tauron-dystrybucja.pl/przylaczenie-do-sieci/dostepne-moce","host":"tauron-dystrybucja.pl","source":{"key":"operator","label":"Operator / TSO"},"year":null,"licence":null,"types":["capacitydata","map","dataset"],"subregions":[]}]}},{"type":"Feature","properties":{"name":"Portugal","count":6,"capacity":2,"types":["capacitydata","dataset","map"],"datasets":[{"title":"Capacity in the National Transmission Grid","url":"https://www.dgeg.gov.pt/pt/destaques/capacidades-de-injecao-rnt-e-rnd/","host":"dgeg.gov.pt","source":{"key":"gov","label":"Government"},"year":"2026","licence":null,"types":["capacitydata","dataset"],"subregions":[]},{"title":"Capacity in the National Distribution Grid","url":"https://e-redes.opendatasoft.com/pages/capacidade_rececao_rnd/","host":"e-redes.opendatasoft.com","source":{"key":"opendata","label":"Open data"},"year":"2026","licence":null,"types":["map","capacitydata"],"subregions":[]},{"title":"Lisbon Medium and Low Voltage Grid","url":"https://dados.gov.pt/pt/datasets/r/ad7a116a-1105-453f-ba3b-823d68669f27","host":"dados.gov.pt","source":{"key":"gov","label":"Government"},"year":"2020","licence":null,"types":["dataset"],"subregions":[]},{"title":"Electricity Transmission Network","url":"https://datahub.ren.pt/en/networks/electrical-grid/","host":"datahub.ren.pt","source":{"key":"operator","label":"Operator / TSO"},"year":"2024","licence":null,"types":["map"],"subregions":[]},{"title":"E-REDES - Diagrama de carga de subestação","url":"https://e-redes.opendatasoft.com/explore/dataset/diagrama-de-carga-de-subestacao/","host":"e-redes.opendatasoft.com","source":{"key":"opendata","label":"Open data"},"year":null,"licence":"cc-by-4.0","types":["dataset"],"subregions":[]},{"title":"E-REDES - Características da rede","url":"https://e-redes.opendatasoft.com/explore/dataset/caracteristicas-da-rede/","host":"e-redes.opendatasoft.com","source":{"key":"opendata","label":"Open data"},"year":null,"licence":"cc-by-4.0","types":["dataset"],"subregions":[]}]}},{"type":"Feature","properties":{"name":"Romania","count":2,"capacity":1,"types":["map","capacitydata"],"datasets":[{"title":"Transelectrica","url":"https://web.transelectrica.ro/harti_crd_tel/","host":"web.transelectrica.ro","source":{"key":"operator","label":"Operator / TSO"},"year":"2025","licence":null,"types":["map","capacitydata"],"subregions":[]},{"title":"Distribuție Oltenia - GIS harta rețelei electrice","url":"https://gis.distributieoltenia.ro/portal/apps/webappviewer/index.html?id=9042c4f3d19e475ea2ebb7000c48f4ce","host":"gis.distributieoltenia.ro","source":{"key":"operator","label":"Operator / TSO"},"year":null,"licence":null,"types":["map"],"subregions":[]}]}},{"type":"Feature","properties":{"name":"Slovakia","count":5,"capacity":3,"types":["map","dataset","capacitydata"],"datasets":[{"title":"Grid maps and technical data","url":"https://www.sepsas.sk/en/for-partners/technical-data/grid-maps/","host":"sepsas.sk","source":{"key":"operator","label":"Operator / TSO"},"year":"2024","licence":null,"types":["map"],"subregions":[]},{"title":"ZBGIS – Základná báza geografického informačného systému SR","url":"https://zbgis.skgeodesy.sk/mapka/sk/zakladna-mapa","host":"zbgis.skgeodesy.sk","source":{"key":"operator","label":"Operator / TSO"},"year":null,"licence":"cc-by-4.0","types":["dataset"],"subregions":[]},{"title":"Západoslovenská distribučná - Mapa pripojiteľnosti","url":"https://www.zsdis.sk/Uvod/Online-sluzby/Mapa-pripojitelnosti","host":"zsdis.sk","source":{"key":"operator","label":"Operator / TSO"},"year":null,"licence":null,"types":["capacitydata","map"],"subregions":[]},{"title":"Stredoslovenská distribučná - Dostupná kapacita pre odber","url":"https://www.ssd.sk/sk/podnikatelia/nove-pripojenie/nezavazna-informacia-o-dostupnej-kapacite-pre-odber-v-distribucnej-sustave-na-elektrickych-staniciach-s-transformaciou-vvn-vn-a-na-elektrickych-staniciach-s-transformaciou-vn-nn?page_id=6840","host":"ssd.sk","source":{"key":"operator","label":"Operator / TSO"},"year":null,"licence":null,"types":["capacitydata","map"],"subregions":[]},{"title":"Východoslovenská distribučná - Mapa pripojiteľnosti","url":"https://www.vsds.sk/edso/domov/aplikacie/ostatne/mapa-pripojitelnosti","host":"vsds.sk","source":{"key":"operator","label":"Operator / TSO"},"year":null,"licence":null,"types":["capacitydata","map"],"subregions":[]}]}},{"type":"Feature","properties":{"name":"Slovenia","count":6,"capacity":1,"types":["report","map","dataset","capacitydata"],"datasets":[{"title":"National Development Plan 2022-2031","url":"https://www.wolftheiss.com/wp-content/uploads/2024/05/RES-guide-slovenia.pdf","host":"wolftheiss.com","source":{"key":"operator","label":"Operator / TSO"},"year":"2024","licence":null,"types":["report"],"subregions":[]},{"title":"ELES Transmission Network Projects","url":"https://www.eles.si/en/projects","host":"eles.si","source":{"key":"operator","label":"Operator / TSO"},"year":null,"licence":null,"types":["map","report"],"subregions":[]},{"title":"Wolf Theiss - Generating Electricity from Renewable Sources","url":"https://www.wolftheiss.com/wp-content/uploads/2024/05/RES-guide-slovenia.pdf","host":"wolftheiss.com","source":{"key":"operator","label":"Operator / TSO"},"year":"2024","licence":null,"types":["report"],"subregions":[]},{"title":"ELES – Transmission Network Development Plan and Documents","url":"https://www.eles.si/en/slovenias-transmission-network","host":"eles.si","source":{"key":"operator","label":"Operator / TSO"},"year":"2023","licence":null,"types":["report","map"],"subregions":[]},{"title":"ZK GJI – Consolidated Cadastre of Public Infrastructure","url":"https://ipi.eprostor.gov.si/jgp/","host":"ipi.eprostor.gov.si","source":{"key":"gov","label":"Government"},"year":"2026","licence":"cc-by-4.0","types":["dataset"],"subregions":[]},{"title":"SODO - SODOKart, Grid Connection Capacity Map","url":"https://geo-portal.si/gisapp/sodokart?public=on&lang=sl","host":"geo-portal.si","source":{"key":"operator","label":"Operator / TSO"},"year":"2022","licence":null,"types":["capacitydata","map"],"subregions":[]}]}},{"type":"Feature","properties":{"name":"Spain","count":13,"capacity":8,"types":["dataset","map","capacitydata"],"datasets":[{"title":"Edistribucion -  Capacity access at network nodes","url":"https://www.edistribucion.com/en/red-electrica/Nodos_capacidad_acceso.html","host":"edistribucion.com","source":{"key":"operator","label":"Operator / TSO"},"year":"2025","licence":null,"types":["dataset"],"subregions":[]},{"title":"REE Map of Substations","url":"https://www.ree.es/es/transporte-electricidad/proyectos-transporte/mapa-proyectos","host":"ree.es","source":{"key":"operator","label":"Operator / TSO"},"year":null,"licence":null,"types":["map"],"subregions":[]},{"title":"Transmission Grid","url":"https://centrodedescargas.cnig.es/CentroDescargas/btn100","host":"centrodedescargas.cnig.es","source":{"key":"operator","label":"Operator / TSO"},"year":null,"licence":null,"types":["dataset"],"subregions":[]},{"title":"i-DE / Iberdrola - Consumption Capacity Map","url":"https://www.i-de.es/en/conexion-red-electrica/suministro-electrico/mapa-capacidad-consumo","host":"i-de.es","source":{"key":"operator","label":"Operator / TSO"},"year":null,"licence":null,"types":["capacitydata","map"],"subregions":[]},{"title":"i-DE / Iberdrola - Generation Capacity Map","url":"https://www.i-de.es/en/grid-connection/energy-generation/capacity-map","host":"i-de.es","source":{"key":"operator","label":"Operator / TSO"},"year":null,"licence":null,"types":["capacitydata","map"],"subregions":[]},{"title":"UFD - Generation Capacity Access Map and Datasets","url":"https://www.ufd.es/en/generation-capacity/","host":"ufd.es","source":{"key":"operator","label":"Operator / TSO"},"year":null,"licence":null,"types":["capacitydata","map","dataset"],"subregions":[]},{"title":"CNMC - Available Capacity Maps for Transmission and Distribution Access","url":"https://www.cnmc.es/prensa/mapas-capacidad-redes-electricas-20260415","host":"cnmc.es","source":{"key":"operator","label":"Operator / TSO"},"year":null,"licence":null,"types":["capacitydata","map","dataset"],"subregions":[]},{"title":"DERA - Subestaciones y líneas eléctricas","url":"https://ws089.juntadeandalucia.es/institutodeestadisticaycartografia/dega/datos-espaciales-de-referencia-de-andalucia-dera/descarga-de-informacion","host":"ws089.juntadeandalucia.es","source":{"key":"operator","label":"Operator / TSO"},"year":null,"licence":null,"types":["dataset"],"subregions":["Andalucía"]},{"title":"e-distribución - Capacidad de acceso de demanda","url":"https://www.edistribucion.com/es/red-electrica/nodos-capacidad-red/capacidad-demanda.html","host":"edistribucion.com","source":{"key":"operator","label":"Operator / TSO"},"year":"2026","licence":null,"types":["capacitydata","dataset"],"subregions":[]},{"title":"IDENA - Cartografía 1:1.000, línea eléctrica","url":"https://datosabiertos.navarra.es/es/dataset/spasitnacarto1_lin_51elec-xml","host":"datosabiertos.navarra.es","source":{"key":"operator","label":"Operator / TSO"},"year":null,"licence":"cc-by-4.0","types":["dataset"],"subregions":["Navarra"]},{"title":"Red Eléctrica - Capacidad de acceso de demanda en la red de transporte","url":"https://www.ree.es/es/clientes/consumidor/acceso-conexion/conoce-la-capacidad-de-acceso","host":"ree.es","source":{"key":"operator","label":"Operator / TSO"},"year":"2026","licence":null,"types":["capacitydata","dataset"],"subregions":[]},{"title":"Red Eléctrica - Capacidad de acceso de generación en la red de transporte","url":"https://www.ree.es/es/clientes/generador/acceso-conexion/conoce-la-capacidad-de-acceso","host":"ree.es","source":{"key":"operator","label":"Operator / TSO"},"year":"2026","licence":null,"types":["capacitydata","dataset"],"subregions":[]},{"title":"UFD - Capacidad de demanda por subestación","url":"https://www.ufd.es/demanda/","host":"ufd.es","source":{"key":"operator","label":"Operator / TSO"},"year":"2026","licence":null,"types":["capacitydata","map","dataset"],"subregions":[]}]}},{"type":"Feature","properties":{"name":"Switzerland","count":4,"capacity":0,"types":["map","dataset"],"datasets":[{"title":"Swiss Transmission Grid","url":"https://www.swissgrid.ch/en/home/operation/power-grid/swiss-power-grid.html","host":"swissgrid.ch","source":{"key":"operator","label":"Operator / TSO"},"year":null,"licence":null,"types":["map"],"subregions":[]},{"title":"Electrical installations with a nominal voltage exceeding 36kV","url":"https://opendata.swiss/en/dataset/elektrische-anlagen-mit-einer-nennspannung-von-uber-36-kv","host":"opendata.swiss","source":{"key":"opendata","label":"Open data"},"year":null,"licence":"cc-by-4.0","types":["map","dataset"],"subregions":[]},{"title":"Connection capacity maps (load, generation and methodology 2026)","url":"https://www.swissgrid.ch/en/home/customers/topics/grid-connection.html","host":"swissgrid.ch","source":{"key":"operator","label":"Operator / TSO"},"year":null,"licence":null,"types":["map","dataset"],"subregions":[]},{"title":"Kanton Zürich AWEL - Energieplan Strom, Stromanlagen WMS","url":"https://geolion.zh.ch/geodatenservice/2532","host":"geolion.zh.ch","source":{"key":"operator","label":"Operator / TSO"},"year":"2025","licence":null,"types":["map","dataset"],"subregions":["Zurich"]}]}},{"type":"Feature","properties":{"name":"Ukraine","count":1,"capacity":0,"types":["map"],"datasets":[{"title":"Green deal Ukraina report (includes map)","url":"https://greendealukraina.org/assets/images/reports/gdu-technologies-for-ua-grid.pdf","host":"greendealukraina.org","source":{"key":"operator","label":"Operator / TSO"},"year":null,"licence":null,"types":["map"],"subregions":[]}]}},{"type":"Feature","properties":{"name":"United Kingdom","count":24,"capacity":11,"types":["dataset","map","capacitydata"],"datasets":[{"title":"National Grid UK","url":"https://www.nationalgrid.com/electricity-transmission/network-and-infrastructure/network-route-maps","host":"nationalgrid.com","source":{"key":"operator","label":"Operator / TSO"},"year":"2025","licence":null,"types":["dataset"],"subregions":[]},{"title":"Substations UK","url":"https://zenodo.org/records/10866260","host":"zenodo.org","source":{"key":"academic","label":"Academic"},"year":"2024","licence":"cc-by-nc-4.0","types":["dataset"],"subregions":[]},{"title":"SSEN Transmission","url":"https://ssentransmission.opendatasoft.com","host":"ssentransmission.opendatasoft.com","source":{"key":"opendata","label":"Open data"},"year":"2025","licence":"cc-by-4.0","types":["dataset"],"subregions":[]},{"title":"National Grid Electricity Distribution","url":"https://connecteddata.nationalgrid.co.uk","host":"connecteddata.nationalgrid.co.uk","source":{"key":"operator","label":"Operator / TSO"},"year":"2021","licence":"NGED Open Data","types":["dataset"],"subregions":[]},{"title":"UK Power Networks","url":"https://ukpowernetworks.opendatasoft.com","host":"ukpowernetworks.opendatasoft.com","source":{"key":"opendata","label":"Open data"},"year":"2025","licence":"cc-by-4.0","types":["dataset"],"subregions":[]},{"title":"Electricity North West","url":"https://electricitynorthwest.opendatasoft.com","host":"electricitynorthwest.opendatasoft.com","source":{"key":"opendata","label":"Open data"},"year":null,"licence":"cc-by-4.0","types":["dataset"],"subregions":[]},{"title":"Northern Powergrid","url":"https://northernpowergrid.opendatasoft.com","host":"northernpowergrid.opendatasoft.com","source":{"key":"opendata","label":"Open data"},"year":"2025","licence":"[Northern Powergrid Open Data Licence v1.0](https://northernpowergrid.opendatasoft.com/p/opendatalicence/","types":["dataset"],"subregions":[]},{"title":"Scottish & Southern Electricity Networks","url":"https://data.ssen.co.uk","host":"data.ssen.co.uk","source":{"key":"operator","label":"Operator / TSO"},"year":"2025","licence":"cc-by-4.0","types":["dataset"],"subregions":[]},{"title":"SP Energy Networks","url":"https://spenergynetworks.opendatasoft.com","host":"spenergynetworks.opendatasoft.com","source":{"key":"opendata","label":"Open data"},"year":"2024","licence":null,"types":["dataset"],"subregions":[]},{"title":"SONI NI Grid","url":"https://cms.soni.ltd.uk/sites/default/files/media/documents/SONI-Transmission-Map.pdf","host":"cms.soni.ltd.uk","source":{"key":"operator","label":"Operator / TSO"},"year":null,"licence":null,"types":["map"],"subregions":[]},{"title":"NESO ETYS documents (includes technical data)","url":"https://www.neso.energy/publications/electricity-ten-year-statement-etys/etys-documents-and-appendices","host":"neso.energy","source":{"key":"operator","label":"Operator / TSO"},"year":"2024","licence":null,"types":["dataset"],"subregions":[]},{"title":"NESO Maps and SLD","url":"https://www.neso.energy/document/351911/download","host":"neso.energy","source":{"key":"operator","label":"Operator / TSO"},"year":null,"licence":null,"types":["map"],"subregions":[]},{"title":"NESO Capacity","url":"https://www.neso.energy/document/351916/download","host":"neso.energy","source":{"key":"operator","label":"Operator / TSO"},"year":null,"licence":null,"types":["dataset","capacitydata"],"subregions":[]},{"title":"LTDS Common Information Model","url":"https://connecteddata.nationalgrid.co.uk/dataset/ltds-common-information-model","host":"connecteddata.nationalgrid.co.uk","source":{"key":"operator","label":"Operator / TSO"},"year":null,"licence":null,"types":["dataset"],"subregions":[]},{"title":"UK Power Networks - LTDS Capacity Heatmap","url":"https://ukpowernetworks.opendatasoft.com/explore/assets/ukpn-capacity-heatmap/","host":"ukpowernetworks.opendatasoft.com","source":{"key":"opendata","label":"Open data"},"year":null,"licence":null,"types":["capacitydata","map","dataset"],"subregions":[]},{"title":"Electricity North West - Heatmap Tool and Data Portal","url":"https://www.enwl.co.uk/future-energy/data-and-digitalisation/data-portal/","host":"enwl.co.uk","source":{"key":"operator","label":"Operator / TSO"},"year":null,"licence":null,"types":["capacitydata","map","dataset"],"subregions":[]},{"title":"Electricity North West - GSP Capacity Heatmap","url":"https://electricitynorthwest.opendatasoft.com/explore/dataset/enwl-gsp-heatmap/","host":"electricitynorthwest.opendatasoft.com","source":{"key":"opendata","label":"Open data"},"year":null,"licence":null,"types":["capacitydata","dataset"],"subregions":[]},{"title":"Northern Powergrid - Network Availability Heat Maps","url":"https://northernpowergrid.opendatasoft.com/pages/network_heatmaps/","host":"northernpowergrid.opendatasoft.com","source":{"key":"opendata","label":"Open data"},"year":null,"licence":null,"types":["capacitydata","map","dataset"],"subregions":[]},{"title":"Northern Powergrid - LTDS Capacity Heatmap","url":"https://northernpowergrid.huwise.com/explore/dataset/ltds-capacity-heatmap/","host":"northernpowergrid.huwise.com","source":{"key":"operator","label":"Operator / TSO"},"year":null,"licence":null,"types":["capacitydata","dataset"],"subregions":[]},{"title":"SP Energy Networks - Capacity Heat Maps","url":"https://www.spenergynetworks.co.uk/pages/mapping_data.aspx","host":"spenergynetworks.co.uk","source":{"key":"operator","label":"Operator / TSO"},"year":null,"licence":null,"types":["capacitydata","map","dataset"],"subregions":[]},{"title":"SP Energy Networks - SP Distribution Heat Map","url":"https://www.spenergynetworks.co.uk/pages/sp_distribution_heat_maps.aspx","host":"spenergynetworks.co.uk","source":{"key":"operator","label":"Operator / TSO"},"year":null,"licence":null,"types":["capacitydata","map"],"subregions":[]},{"title":"GB Grid Data - Cross-DNO Network Capacity Map","url":"https://griddata.uk/","host":"griddata.uk","source":{"key":"operator","label":"Operator / TSO"},"year":null,"licence":null,"types":["capacitydata","map"],"subregions":[]},{"title":"NIE Networks - Capacity Map","url":"https://www.nienetworks.co.uk/connections/capacity-map","host":"nienetworks.co.uk","source":{"key":"operator","label":"Operator / TSO"},"year":null,"licence":null,"types":["capacitydata","map"],"subregions":["Northern Ireland"]},{"title":"NESO - Transmission Entry Capacity (TEC) Register","url":"https://www.neso.energy/data-portal/transmission-entry-capacity-tec-register","host":"neso.energy","source":{"key":"operator","label":"Operator / TSO"},"year":"2026","licence":"NESO Open Data Licence","types":["capacitydata","dataset"],"subregions":[]}]}},{"type":"Feature","properties":{"name":"Canada","count":64,"capacity":43,"types":["map","report","capacitydata","dataset"],"datasets":[{"title":"Electricity Transmission in Canada + US","url":"https://www.arcgis.com/apps/mapviewer/index.html?webmap=fec6a654d2d44a0688b8c6d8c9c95367","host":"arcgis.com","source":{"key":"opendata","label":"Open data"},"year":"2019","licence":null,"types":["map"],"subregions":[]},{"title":"The CER and International Power Lines","url":"https://www.cer-rec.gc.ca/en/data-analysis/energy-markets/market-snapshots/2025/market-snapshot-electricity-trade-who-regulates-what-in-canada.html","host":"cer-rec.gc.ca","source":{"key":"gov","label":"Government"},"year":"2025","licence":null,"types":["map"],"subregions":[]},{"title":"WECC System Performance Data Portal","url":"https://wecc-spdp-weccgeo.hub.arcgis.com/pages/transmission-availability","host":"wecc-spdp-weccgeo.hub.arcgis.com","source":{"key":"opendata","label":"Open data"},"year":"2026","licence":null,"types":["map"],"subregions":[]},{"title":"AESO Interconnected Electric System Map","url":"https://www.aeso.ca/assets/2025_AIES_Map.pdf","host":"aeso.ca","source":{"key":"operator","label":"Operator / TSO"},"year":"2025","licence":"proprietary","types":["map"],"subregions":["Alberta"]},{"title":"AESO Long‑Term Transmission Plan","url":"https://www.aeso.ca/assets/2025-AESO-Long-Term-Transmission-Plan.pdf","host":"aeso.ca","source":{"key":"operator","label":"Operator / TSO"},"year":"2025","licence":"proprietary","types":["report"],"subregions":["Alberta"]},{"title":"AESO Transmission Capability Map","url":"https://www.aeso.ca/grid/connecting-to-the-grid/transmission-capability-map","host":"aeso.ca","source":{"key":"operator","label":"Operator / TSO"},"year":"2024","licence":null,"types":["capacitydata","map","report"],"subregions":["Alberta"]},{"title":"Hosting capacity for FortisAlberta's distribution circuits.","url":"https://www.fortisalberta.com/customer-service/get-connected/generation/hosting-capacity-map","host":"fortisalberta.com","source":{"key":"operator","label":"Operator / TSO"},"year":null,"licence":null,"types":["capacitydata","map"],"subregions":["Alberta"]},{"title":"Substations Alberta","url":"https://www.arcgis.com/apps/mapviewer/index.html?layers=58358d049343477eaadb236e1d18ab87","host":"arcgis.com","source":{"key":"opendata","label":"Open data"},"year":null,"licence":null,"types":["map"],"subregions":["Alberta"]},{"title":"ENMAX Power - Load Capacity Map","url":"https://www.enmax.com/system-resources/load-capacity-map","host":"enmax.com","source":{"key":"operator","label":"Operator / TSO"},"year":null,"licence":null,"types":["capacitydata","map"],"subregions":["Alberta"]},{"title":"ENMAX Power - Hosting Capacity Map","url":"https://www.enmax.com/system-resources/hosting-capacity-map","host":"enmax.com","source":{"key":"operator","label":"Operator / TSO"},"year":null,"licence":null,"types":["capacitydata","map"],"subregions":["Alberta"]},{"title":"ATCO Electric - Generation Hosting Capacity Maps","url":"https://electric.atco.com/en-ca/connections-services/new-connections-changes/connect-grid.html","host":"electric.atco.com","source":{"key":"operator","label":"Operator / TSO"},"year":null,"licence":null,"types":["capacitydata","map"],"subregions":["Alberta"]},{"title":"ATCO Electric - Distribution Facility Maps","url":"https://electric.atco.com/en-ca/about-us/service-area/distribution-facility-maps.html","host":"electric.atco.com","source":{"key":"operator","label":"Operator / TSO"},"year":null,"licence":null,"types":["map"],"subregions":["Alberta"]},{"title":"BC Hydro Transmission System - pdf","url":"https://www.bchydro.com/content/dam/BCHydro/customer-portal/documents/transmission/maps/transmission-system.pdf","host":"bchydro.com","source":{"key":"operator","label":"Operator / TSO"},"year":"2025","licence":null,"types":["map"],"subregions":["British Columbia"]},{"title":"BC Hydro Transmission Diagram 2024/2025 - pdf","url":"https://www.bchydro.com/content/dam/BCHydro/customer-portal/documents/transmission/maps/transmission-diagram.pdf","host":"bchydro.com","source":{"key":"operator","label":"Operator / TSO"},"year":"2025","licence":null,"types":["map"],"subregions":["British Columbia"]},{"title":"BC Hydro Bulk One line Diagram 2024/2025 - pdf","url":"https://www.bchydro.com/content/dam/BCHydro/customer-portal/documents/corporate/suppliers/transmission-system/maps/bulk-one-line-diagram.pdf","host":"bchydro.com","source":{"key":"operator","label":"Operator / TSO"},"year":"2025","licence":null,"types":["map"],"subregions":["British Columbia"]},{"title":"BC Hydro BC Transmission Lines - 2017","url":"https://catalogue.data.gov.bc.ca/dataset/bc-transmission-lines","host":"catalogue.data.gov.bc.ca","source":{"key":"gov","label":"Government"},"year":"2017","licence":null,"types":["dataset"],"subregions":["British Columbia"]},{"title":"IESO - Ontario's Electricity System","url":"https://www.ieso.ca/localContent/ontarioenergymap/index.html","host":"ieso.ca","source":{"key":"operator","label":"Operator / TSO"},"year":"2022","licence":null,"types":["map"],"subregions":["Ontario"]},{"title":"Ontario Energy Board - Centralized Capacity Information Map (CCIM)","url":"https://oeb.planview.ca/Ontario-capacity-map/","host":"oeb.planview.ca","source":{"key":"operator","label":"Operator / TSO"},"year":null,"licence":null,"types":["capacitydata","map"],"subregions":["Ontario"]},{"title":"Alectra Utilities - OEB Centralized Capacity Information Map","url":"https://alectrautilities.com/oeb-centralized-capacity-information-map","host":"alectrautilities.com","source":{"key":"operator","label":"Operator / TSO"},"year":null,"licence":null,"types":["capacitydata","map"],"subregions":["Ontario"]},{"title":"ENWIN - Load Capacity Map","url":"https://experience.arcgis.com/experience/4f454839f3124a2db457948c4a68a80c","host":"experience.arcgis.com","source":{"key":"opendata","label":"Open data"},"year":null,"licence":null,"types":["capacitydata","map"],"subregions":["Ontario"]},{"title":"ENWIN - Load Capacity Map page","url":"https://enwin.com/contractorsvendors/contractors/enwin-load-capacity-map","host":"enwin.com","source":{"key":"operator","label":"Operator / TSO"},"year":null,"licence":null,"types":["capacitydata","map"],"subregions":["Ontario"]},{"title":"ENWIN - Distributed Resources Mapping (DER Capacity)","url":"https://gis.enwin.com/gis/index.html?viewer=DERCapacityMapping","host":"gis.enwin.com","source":{"key":"operator","label":"Operator / TSO"},"year":null,"licence":null,"types":["capacitydata","map"],"subregions":["Ontario"]},{"title":"Hydro One - Distribution Load Capacity Map","url":"https://www.hydroone.com/business-services/distribution-load-capacity-map","host":"hydroone.com","source":{"key":"operator","label":"Operator / TSO"},"year":null,"licence":null,"types":["capacitydata","map"],"subregions":["Ontario"]},{"title":"Hydro One - Distribution Generation Capacity Map","url":"https://www.hydroone.com/business-services/generators/generation-capacity-map","host":"hydroone.com","source":{"key":"operator","label":"Operator / TSO"},"year":null,"licence":null,"types":["capacitydata","map"],"subregions":["Ontario"]},{"title":"Hydro One - Station Capacity Calculator","url":"https://www.hydroone.com/business-services/generators/station-capacity-calculator","host":"hydroone.com","source":{"key":"operator","label":"Operator / TSO"},"year":null,"licence":null,"types":["capacitydata"],"subregions":["Ontario"]},{"title":"Entegrus Powerlines - Capacity Map","url":"https://www.entegrus.com/capacitymap","host":"entegrus.com","source":{"key":"operator","label":"Operator / TSO"},"year":null,"licence":null,"types":["capacitydata","map"],"subregions":["Ontario"]},{"title":"Oakville Hydro - Restricted Feeders & Generation Capacity Map","url":"https://www.oakvillehydro.com/restricted-feeders-generation-capacity-map","host":"oakvillehydro.com","source":{"key":"operator","label":"Operator / TSO"},"year":null,"licence":null,"types":["capacitydata","map"],"subregions":["Ontario"]},{"title":"Oakville Hydro - Generation Capacity Map","url":"https://experience.arcgis.com/experience/a70c9addd65f454897ab8faaa064b304","host":"experience.arcgis.com","source":{"key":"opendata","label":"Open data"},"year":null,"licence":null,"types":["capacitydata","map"],"subregions":["Ontario"]},{"title":"Halton Hills Hydro - System Capacity Map","url":"https://experience.arcgis.com/experience/2d5cc00b15514599aa415881bc20f04b/","host":"experience.arcgis.com","source":{"key":"opendata","label":"Open data"},"year":null,"licence":null,"types":["capacitydata","map"],"subregions":["Ontario"]},{"title":"Oshawa Power - Distribution Capacity Map","url":"https://www.oshawapower.ca/capacity-map/","host":"oshawapower.ca","source":{"key":"operator","label":"Operator / TSO"},"year":null,"licence":null,"types":["capacitydata","map"],"subregions":["Ontario"]},{"title":"Essex Powerlines - Feeder Load and Capacity","url":"https://essexpowerlines.ca/save-energy/connection/feeder-load-and-capacity/","host":"essexpowerlines.ca","source":{"key":"operator","label":"Operator / TSO"},"year":null,"licence":null,"types":["capacitydata"],"subregions":["Ontario"]},{"title":"Canadian Niagara Power - Load Capacity Map","url":"https://www.cnpower.com/conservation/load-capacity-map","host":"cnpower.com","source":{"key":"operator","label":"Operator / TSO"},"year":null,"licence":null,"types":["capacitydata"],"subregions":["Ontario"]},{"title":"Canadian Niagara Power - Feeder and Station Capacity Map","url":"https://www.cnpower.com/sites/2/files/2025-02/CNP%20Published%20Feeder%20Capacity%20Map_0.pdf","host":"cnpower.com","source":{"key":"operator","label":"Operator / TSO"},"year":null,"licence":null,"types":["capacitydata","map"],"subregions":["Ontario"]},{"title":"Eastern Ontario Power - Load Capacity Map","url":"https://www.easternontariopower.com/conservation/load-capacity-map","host":"easternontariopower.com","source":{"key":"operator","label":"Operator / TSO"},"year":null,"licence":null,"types":["capacitydata"],"subregions":["Ontario"]},{"title":"Eastern Ontario Power - Feeder Capacity Map","url":"https://www.easternontariopower.com/sites/4/files/2025-02/EOP%20Published%20Feeder%20Capacity%20Map.pdf","host":"easternontariopower.com","source":{"key":"operator","label":"Operator / TSO"},"year":null,"licence":null,"types":["capacitydata","map"],"subregions":["Ontario"]},{"title":"Utilities Kingston / Kingston Hydro - Distribution Capacity Map","url":"https://utilitieskingston.com/News/Article/Distribution-Capacity-map","host":"utilitieskingston.com","source":{"key":"operator","label":"Operator / TSO"},"year":null,"licence":null,"types":["capacitydata"],"subregions":["Ontario"]},{"title":"Welland Hydro - Capacity Map","url":"https://wellandhydro.com/systemcapacity/capacitymap/","host":"wellandhydro.com","source":{"key":"operator","label":"Operator / TSO"},"year":null,"licence":null,"types":["capacitydata","map"],"subregions":["Ontario"]},{"title":"Welland Hydro - System Capacity","url":"https://wellandhydro.com/systemcapacity/","host":"wellandhydro.com","source":{"key":"operator","label":"Operator / TSO"},"year":null,"licence":null,"types":["capacitydata"],"subregions":["Ontario"]},{"title":"London Hydro - Capacity Map","url":"https://www.londonhydro.com/capacity","host":"londonhydro.com","source":{"key":"operator","label":"Operator / TSO"},"year":null,"licence":null,"types":["capacitydata","map"],"subregions":["Ontario"]},{"title":"London Hydro - Load Capacity Map","url":"https://www.londonhydro.com/media/4076/download","host":"londonhydro.com","source":{"key":"operator","label":"Operator / TSO"},"year":null,"licence":null,"types":["capacitydata","map"],"subregions":["Ontario"]},{"title":"Niagara Peninsula Energy - Load/DER Capacity Map","url":"https://www.npei.ca/info-resources/load-capacity-map","host":"npei.ca","source":{"key":"operator","label":"Operator / TSO"},"year":null,"licence":null,"types":["capacitydata"],"subregions":["Ontario"]},{"title":"PUC Services - System Available Load Capacity Map","url":"https://www.puc.ca/media/kr4j4vzc/puc-system-available-load-capacity-map_march-31-2026.pdf","host":"puc.ca","source":{"key":"operator","label":"Operator / TSO"},"year":null,"licence":null,"types":["capacitydata","map"],"subregions":["Ontario"]},{"title":"ERTH Power - Load Capacity Maps","url":"https://www.erthpower.com/erth-power-load-capacity-maps-now-available/","host":"erthpower.com","source":{"key":"operator","label":"Operator / TSO"},"year":null,"licence":null,"types":["capacitydata"],"subregions":["Ontario"]},{"title":"Toronto Hydro - Load Capacity Map","url":"https://www.torontohydro.com/contractors-and-developers/load-capacity-map","host":"torontohydro.com","source":{"key":"operator","label":"Operator / TSO"},"year":null,"licence":null,"types":["capacitydata","map"],"subregions":["Ontario"]},{"title":"Toronto Hydro - Generation and Storage Capacity Lookup Tool","url":"https://www.torontohydro.com/contractors-and-developers/generation-and-storage-capacity-lookup-tool","host":"torontohydro.com","source":{"key":"operator","label":"Operator / TSO"},"year":null,"licence":null,"types":["capacitydata"],"subregions":["Ontario"]},{"title":"Hydro Ottawa - Business Capacity Map","url":"https://hydroottawa.com/en/business/rates-billing/track-your-usage/business-capacity-map","host":"hydroottawa.com","source":{"key":"operator","label":"Operator / TSO"},"year":null,"licence":null,"types":["capacitydata","map"],"subregions":["Ontario"]},{"title":"Hydro Ottawa - Capacity Map","url":"https://hydroottawa.com/sites/default/files/2025-02/capacity_map.pdf","host":"hydroottawa.com","source":{"key":"operator","label":"Operator / TSO"},"year":null,"licence":null,"types":["capacitydata","map"],"subregions":["Ontario"]},{"title":"NT Power - System Capacity Maps","url":"https://www.ntpower.ca/projects-operations/system-capacity-maps","host":"ntpower.ca","source":{"key":"operator","label":"Operator / TSO"},"year":null,"licence":null,"types":["capacitydata","map"],"subregions":["Ontario"]},{"title":"PUC Services - Distribution System Capacity Map","url":"https://www.puc.ca/conservation-generation/distribution-system-capacity-map/","host":"puc.ca","source":{"key":"operator","label":"Operator / TSO"},"year":null,"licence":null,"types":["capacitydata","map"],"subregions":["Ontario"]},{"title":"Utilities Kingston / Kingston Hydro - Public Substation Capacity Map","url":"https://www.arcgis.com/home/item.html?id=eaf09acdf2a84475a3ce8ba5fc9f1e40","host":"arcgis.com","source":{"key":"opendata","label":"Open data"},"year":null,"licence":null,"types":["capacitydata","map"],"subregions":["Ontario"]},{"title":"Hydro-Québec - Power Grid Capacity Maps for Wind Integration and Industrial Connections","url":"https://news.hydroquebec.com/news/press-releases/all-quebec/hydro-quebec-presents-capacity-power-system.html","host":"news.hydroquebec.com","source":{"key":"operator","label":"Operator / TSO"},"year":null,"licence":null,"types":["capacitydata","map"],"subregions":["Québec"]},{"title":"Hydro-Québec - Diffusion publique des capacités de raccordement au réseau de transport","url":"https://www.hydroquebec.com/data/projets/presentation-zones-raccordement-industriel.pdf","host":"hydroquebec.com","source":{"key":"operator","label":"Operator / TSO"},"year":null,"licence":null,"types":["capacitydata","map"],"subregions":["Québec"]},{"title":"Hydro-Québec - Capacités d'intégration d'énergie éolienne sur le réseau de transport","url":"https://www.hydroquebec.com/data/projets/presentation-capacites-integration-production-eolienne.pdf","host":"hydroquebec.com","source":{"key":"operator","label":"Operator / TSO"},"year":null,"licence":null,"types":["capacitydata","map"],"subregions":["Québec"]},{"title":"Hydro-Québec - Carte du potentiel d'intégration d'énergie éolienne","url":"https://news.hydroquebec.com/content/dam/salle-des-nouvelles/pdfs/fr/2025G522-1%20-%20Carte%20-Potentiel%20integration%20energie%20eolienne_VF_AVEC%20TITRE_VF.pdf","host":"news.hydroquebec.com","source":{"key":"operator","label":"Operator / TSO"},"year":"2025","licence":null,"types":["capacitydata","map"],"subregions":["Québec"]},{"title":"Énergie NB / NB Power - Carte du réseau","url":"https://www.nbpower.com/fr/a-notre-sujet/carte-du-reseau/notre-energie","host":"nbpower.com","source":{"key":"operator","label":"Operator / TSO"},"year":null,"licence":null,"types":["map"],"subregions":["New Brunswick"]},{"title":"SaskPower - System Map","url":"https://www.saskpower.com/our-power-future/our-electricity/electrical-system/system-map","host":"saskpower.com","source":{"key":"operator","label":"Operator / TSO"},"year":null,"licence":null,"types":["map"],"subregions":["Saskatchewan"]},{"title":"SaskPower - System Map PDF","url":"https://www.saskpower.com/Our-Power-Future/Our-Electricity/Electrical-System/-/media/33649695803146B2A0141D06B6483C5E.ashx","host":"saskpower.com","source":{"key":"operator","label":"Operator / TSO"},"year":null,"licence":null,"types":["map"],"subregions":["Saskatchewan"]},{"title":"Manitoba Hydro - Major Electrical and Natural Gas Facilities Map","url":"https://www.hydro.mb.ca/docs/projects/facilities_map.pdf","host":"hydro.mb.ca","source":{"key":"operator","label":"Operator / TSO"},"year":null,"licence":null,"types":["map"],"subregions":["Manitoba"]},{"title":"Manitoba Hydro - Operations & Exports","url":"https://www.hydro.mb.ca/corporate/operations/","host":"hydro.mb.ca","source":{"key":"operator","label":"Operator / TSO"},"year":null,"licence":null,"types":["map"],"subregions":["Manitoba"]},{"title":"YEC Power generation stations","url":"https://open.yukon.ca/data/yec-power-generating-stations","host":"open.yukon.ca","source":{"key":"opendata","label":"Open data"},"year":"2021","licence":"Open Government Licence – Yukon","types":["dataset"],"subregions":["Yukon"]},{"title":"YEC Power distribution lines","url":"https://open.yukon.ca/data/yec-power-distribution-lines","host":"open.yukon.ca","source":{"key":"opendata","label":"Open data"},"year":"2021","licence":"Open Government Licence – Yukon","types":["dataset"],"subregions":["Yukon"]},{"title":"YEC Power substations","url":"https://open.yukon.ca/data/yec-power-substations","host":"open.yukon.ca","source":{"key":"opendata","label":"Open data"},"year":"2021","licence":"Open Government Licence – Yukon","types":["dataset"],"subregions":["Yukon"]},{"title":"YEC Power lines","url":"https://open.yukon.ca/data/yec-power-lines","host":"open.yukon.ca","source":{"key":"opendata","label":"Open data"},"year":"2021","licence":"Open Government Licence – Yukon","types":["dataset"],"subregions":["Yukon"]},{"title":"Canadian Open-source Database for Energy Research and Systems-Modelling","url":"https://coders.cme-emh.ca/","host":"coders.cme-emh.ca","source":{"key":"operator","label":"Operator / TSO"},"year":"2025","licence":null,"types":["dataset","capacitydata"],"subregions":[]}]}},{"type":"Feature","properties":{"name":"United States of America","count":83,"capacity":61,"types":["map","capacitydata","dataset","other"],"datasets":[{"title":"Electricity Transmission in Canada + US","url":"https://www.arcgis.com/apps/mapviewer/index.html?webmap=fec6a654d2d44a0688b8c6d8c9c95367","host":"arcgis.com","source":{"key":"opendata","label":"Open data"},"year":"2019","licence":null,"types":["map"],"subregions":[]},{"title":"The CER and International Power Lines","url":"https://www.cer-rec.gc.ca/en/data-analysis/energy-markets/market-snapshots/2025/market-snapshot-electricity-trade-who-regulates-what-in-canada.html","host":"cer-rec.gc.ca","source":{"key":"gov","label":"Government"},"year":"2025","licence":null,"types":["map"],"subregions":[]},{"title":"WECC System Performance Data Portal","url":"https://wecc-spdp-weccgeo.hub.arcgis.com/pages/transmission-availability","host":"wecc-spdp-weccgeo.hub.arcgis.com","source":{"key":"opendata","label":"Open data"},"year":"2026","licence":null,"types":["map"],"subregions":[]},{"title":"US Atlas of Electric Distribution System Hosting","url":"https://www.energy.gov/eere/us-atlas-electric-distribution-system-hosting-capacity-maps","host":"energy.gov","source":{"key":"gov","label":"Government"},"year":null,"licence":null,"types":["capacitydata"],"subregions":[]},{"title":"US Electric Power Transmission Substations","url":"https://www.kaggle.com/datasets/behroozsohrabi/us-electric-power-transmission-substations?resource=download","host":"kaggle.com","source":{"key":"opendata","label":"Open data"},"year":"2020","licence":"cc0","types":["dataset"],"subregions":[]},{"title":"US Electric Substations","url":"https://catalog.data.gov/dataset/electric-substations","host":"catalog.data.gov","source":{"key":"gov","label":"Government"},"year":"2023","licence":"cc-by-4.0","types":["dataset"],"subregions":[]},{"title":"US Electric Substations","url":"https://services5.arcgis.com/HDRa0B57OVrv2E1q/ArcGIS/rest/services/Electric_Substations/FeatureServer?utm_source=chatgpt.com","host":"services5.arcgis.com","source":{"key":"opendata","label":"Open data"},"year":null,"licence":null,"types":["other"],"subregions":[]},{"title":"US Infrastructure Foundation-Level Data - Transmission Lines","url":"https://resilience.climate.gov/datasets/d4090758322c4d32a4cd002ffaa0aa12_0/explore","host":"resilience.climate.gov","source":{"key":"gov","label":"Government"},"year":"2025","licence":null,"types":["dataset","map"],"subregions":[]},{"title":"US Infrastructure Foundation-Level Data - Substations 2021 Zenodo Backup","url":"https://zenodo.org/records/5514010","host":"zenodo.org","source":{"key":"academic","label":"Academic"},"year":"2021","licence":"cc-by-4.0","types":["dataset"],"subregions":[]},{"title":"U.S. Interconnection Queue Data Through 2024: Complete Interconnection Request Dataset and Summarized Data Workbook","url":"https://emp.lbl.gov/publications/us-interconnection-queue-data","host":"emp.lbl.gov","source":{"key":"gov","label":"Government"},"year":"2024","licence":null,"types":["dataset"],"subregions":[]},{"title":"Our Grid Future Planned Transmission Projects National Database","url":"https://ourgridfuture.org/","host":"ourgridfuture.org","source":{"key":"operator","label":"Operator / TSO"},"year":"2025","licence":null,"types":["dataset","map","capacitydata"],"subregions":[]},{"title":"Midcontinent ISO - Generator Interconnection Queue Points of Interconnection Map","url":"https://cloud.cartovista.com/miso/ferc/poi-analysis-map","host":"cloud.cartovista.com","source":{"key":"operator","label":"Operator / TSO"},"year":null,"licence":null,"types":["capacitydata","map"],"subregions":[]},{"title":"Microsoft GridSFM - Open Derived US Power Grid Models","url":"https://github.com/microsoft/GridSFM","host":"github.com","source":{"key":"operator","label":"Operator / TSO"},"year":null,"licence":null,"types":["dataset"],"subregions":[]},{"title":"Pepco Holdings / Exelon - Distribution Feeder Hosting Capacity Dashboard","url":"https://exelonutilities.maps.arcgis.com/apps/dashboards/f043e521183b4bd08ab17fc44fa5f723","host":"exelonutilities.maps.arcgis.com","source":{"key":"opendata","label":"Open data"},"year":null,"licence":null,"types":["capacitydata","map"],"subregions":["Mid-Atlantic"]},{"title":"Southern Company - SIGHT Interactive Generation Hosting Tool","url":"https://sight.southernco.com/","host":"sight.southernco.com","source":{"key":"operator","label":"Operator / TSO"},"year":null,"licence":null,"types":["capacitydata","map"],"subregions":["Alabama","Georgia"]},{"title":"Alaska Electric Transmission Lines","url":"https://gis.data.alaska.gov/datasets/b122b04ec1e64ed08ada789f840c4379_15/about","host":"gis.data.alaska.gov","source":{"key":"gov","label":"Government"},"year":null,"licence":null,"types":["dataset"],"subregions":["Alaska"]},{"title":"California Electric Substations","url":"https://databasin.org/datasets/cb9ff78949db409f83d4d6ca38f707bf/","host":"databasin.org","source":{"key":"opendata","label":"Open data"},"year":"2022","licence":null,"types":["dataset","map"],"subregions":["California"]},{"title":"Electric Substations Washington","url":"https://databasin.org/datasets/36e74994140143e09bf72d2b586ce681/","host":"databasin.org","source":{"key":"opendata","label":"Open data"},"year":null,"licence":"cc-by-4.0","types":["dataset","map"],"subregions":["California"]},{"title":"California Electric Transmission Lines","url":"https://data.ca.gov/dataset/california-electric-transmission-lines","host":"data.ca.gov","source":{"key":"gov","label":"Government"},"year":"2025","licence":"cc-by-4.0","types":["dataset"],"subregions":["California"]},{"title":"California Energy Commision - Electric Transmission Lines","url":"https://cecgis-caenergy.opendata.arcgis.com/datasets/260b4513acdb4a3a8e4d64e69fc84fee_2/explore","host":"cecgis-caenergy.opendata.arcgis.com","source":{"key":"opendata","label":"Open data"},"year":"2024","licence":null,"types":["dataset","map"],"subregions":["California"]},{"title":"California Power Grid Map","url":"https://eshansingh.xyz/transmission/index.html","host":"eshansingh.xyz","source":{"key":"operator","label":"Operator / TSO"},"year":"2026","licence":null,"types":["map","dataset"],"subregions":["California"]},{"title":"PG&E - Grid Resource Integration Portal (GRIP)","url":"https://grip.pge.com/","host":"grip.pge.com","source":{"key":"operator","label":"Operator / TSO"},"year":null,"licence":null,"types":["capacitydata","map","dataset"],"subregions":["California"]},{"title":"San Diego Gas & Electric - Interconnection Map","url":"https://interconnectionmapsdge.extweb.sempra.com/","host":"interconnectionmapsdge.extweb.sempra.com","source":{"key":"operator","label":"Operator / TSO"},"year":null,"licence":null,"types":["capacitydata","map"],"subregions":["California"]},{"title":"Southern California Edison - DRPEP / DERiM Distribution Planning Portal","url":"https://drpep.sce.com/drpep/?page=Page","host":"drpep.sce.com","source":{"key":"operator","label":"Operator / TSO"},"year":null,"licence":null,"types":["capacitydata","map"],"subregions":["California"]},{"title":"LADWP - Power Capacity Map","url":"https://ladwp-power.maps.arcgis.com/apps/webappviewer/index.html?id=290be9aa52694ef39bf3088940079f62","host":"ladwp-power.maps.arcgis.com","source":{"key":"opendata","label":"Open data"},"year":null,"licence":null,"types":["capacitydata","map"],"subregions":["California"]},{"title":"PacifiCorp - Distribution System Plan Display","url":"https://experience.arcgis.com/experience/9de589f4f0604262a0867692e58a13a2","host":"experience.arcgis.com","source":{"key":"opendata","label":"Open data"},"year":null,"licence":null,"types":["capacitydata","map"],"subregions":["California","Idaho","Oregon","Utah","Washington","Wyoming"]},{"title":"Xcel Energy - Hosting Capacity Map","url":"https://www.xcelenergy.com/hosting_capacity_map","host":"xcelenergy.com","source":{"key":"operator","label":"Operator / TSO"},"year":null,"licence":null,"types":["capacitydata","map"],"subregions":["Colorado"]},{"title":"United Illuminating - Hosting Capacity Maps","url":"https://uil.maps.arcgis.com/apps/instant/portfolio/index.html?appid=5f27da869c6d43a5811b20bf80ac4f77","host":"uil.maps.arcgis.com","source":{"key":"opendata","label":"Open data"},"year":null,"licence":null,"types":["capacitydata","map"],"subregions":["Connecticut"]},{"title":"Avangrid / United Illuminating - EV Hosting Capacity Dataset","url":"https://openenergyhub.ornl.gov/explore/dataset/ui_ev_hc_phase3_prod/","host":"openenergyhub.ornl.gov","source":{"key":"gov","label":"Government"},"year":null,"licence":null,"types":["capacitydata","dataset"],"subregions":["Connecticut"]},{"title":"Eversource - Connecticut Hosting Capacity Map","url":"https://www.eversource.com/residential/about/doing-business-with-us/interconnections/connecticut/connecticut-hosting-capacity-map","host":"eversource.com","source":{"key":"operator","label":"Operator / TSO"},"year":null,"licence":null,"types":["capacitydata","map"],"subregions":["Connecticut"]},{"title":"Eversource - Hosting Capacity Maps","url":"https://www.eversource.com/residential/about/doing-business-with-us/interconnections/massachusetts/hosting-capacity-map","host":"eversource.com","source":{"key":"operator","label":"Operator / TSO"},"year":null,"licence":null,"types":["capacitydata","map"],"subregions":["Connecticut","Massachusetts","New Hampshire"]},{"title":"United Illuminating - DG Hosting Capacity (landing page)","url":"https://www.uinet.com/smartenergy/innovation/distributed_generation/hostingcapacity","host":"uinet.com","source":{"key":"operator","label":"Operator / TSO"},"year":null,"licence":null,"types":["capacitydata"],"subregions":["Connecticut"]},{"title":"Delmarva Power / Exelon - DG Hosting Capacity Map","url":"https://www.delmarva.com/smart-energy/my-green-power-connection/developers-contractors/technical-consideration/hosting-capacity-map","host":"delmarva.com","source":{"key":"operator","label":"Operator / TSO"},"year":null,"licence":null,"types":["capacitydata","map"],"subregions":["Delaware","District Of Columbia","Maryland"]},{"title":"Delmarva Power / Exelon - EV Load Capacity Map","url":"https://www.delmarva.com/smart-energy/innovation-technology/ev-load-capacity-map","host":"delmarva.com","source":{"key":"operator","label":"Operator / TSO"},"year":null,"licence":null,"types":["capacitydata","map"],"subregions":["Delaware","District Of Columbia","Maryland"]},{"title":"Pepco / Exelon - DG Hosting Capacity Map","url":"https://www.pepco.com/smart-energy/my-green-power-connection/developers-contractors/technical-consideration/hosting-capacity-map","host":"pepco.com","source":{"key":"operator","label":"Operator / TSO"},"year":null,"licence":null,"types":["capacitydata","map"],"subregions":["District Of Columbia","Maryland"]},{"title":"Pepco / Exelon - EV Load Capacity Map","url":"https://www.pepco.com/smart-energy/innovation-technology/electric-vehicles/ev-load-capacity-map","host":"pepco.com","source":{"key":"operator","label":"Operator / TSO"},"year":null,"licence":null,"types":["capacitydata","map"],"subregions":["District Of Columbia","Maryland"]},{"title":"Electric Substation Florida","url":"https://fgdl.org/fgdlmap/","host":"fgdl.org","source":{"key":"operator","label":"Operator / TSO"},"year":null,"licence":null,"types":["map"],"subregions":["Florida"]},{"title":"Georgia Power - Hosting Capacity Tool","url":"https://www.georgiapower.com/business/products-programs/business-solutions/commercial-solar-solutions/distributed-generation/hosting-capacity-tool.html","host":"georgiapower.com","source":{"key":"operator","label":"Operator / TSO"},"year":null,"licence":null,"types":["capacitydata","map"],"subregions":["Georgia"]},{"title":"Hawaiian Electric - Locational Value Maps","url":"https://www.hawaiianelectric.com/products-and-services/smart-renewable-energy-programs/locational-value-maps","host":"hawaiianelectric.com","source":{"key":"operator","label":"Operator / TSO"},"year":null,"licence":null,"types":["capacitydata","map"],"subregions":["Hawaii"]},{"title":"Hawaiian Electric - EV Charger Siting Tool","url":"https://www.hawaiianelectric.com/products-and-services/electric-vehicles/electric-vehicle-%28ev%29-charger-siting-tool","host":"hawaiianelectric.com","source":{"key":"operator","label":"Operator / TSO"},"year":null,"licence":null,"types":["map"],"subregions":["Hawaii"]},{"title":"Idaho Power - Generator Interconnection POI Heatmap","url":"https://www.idahopower.com/about-us/doing-business-with-us/generator-interconnection/generator-interconnection-point-of-interconnection-heatmap/","host":"idahopower.com","source":{"key":"operator","label":"Operator / TSO"},"year":null,"licence":null,"types":["capacitydata","map"],"subregions":["Idaho"]},{"title":"Idaho Power - Interconnect Capacity Application","url":"https://experience.arcgis.com/experience/3390e1921c7e4682854f2b8781529426/page/Filtered-Graph/","host":"experience.arcgis.com","source":{"key":"opendata","label":"Open data"},"year":null,"licence":null,"types":["capacitydata","map"],"subregions":["Idaho"]},{"title":"Avista - DER Hosting Capacity Map","url":"https://experience.arcgis.com/experience/955db80ba1124479a906c0a6edefe1cc/page/Distributed-Energy-Resource-Hosting-Capacity","host":"experience.arcgis.com","source":{"key":"opendata","label":"Open data"},"year":null,"licence":null,"types":["capacitydata","map"],"subregions":["Idaho","Washington"]},{"title":"ComEd - PV and BESS Hosting Capacity Maps","url":"https://www.comed.com/smart-energy/my-green-power-connection/developers-contractors/smaller-generators","host":"comed.com","source":{"key":"operator","label":"Operator / TSO"},"year":null,"licence":null,"types":["capacitydata","map"],"subregions":["Illinois"]},{"title":"Ameren Illinois - Subtransmission Hosting Capacity Map","url":"https://experience.arcgis.com/experience/6ffdf90791d24e25a66597e9cb2000d9","host":"experience.arcgis.com","source":{"key":"opendata","label":"Open data"},"year":null,"licence":null,"types":["capacitydata","map"],"subregions":["Illinois"]},{"title":"Ameren Illinois - AIC Hosting Capacity Map","url":"https://experience.arcgis.com/experience/38e61537f83843fc8ff2fbaa98bd67f4","host":"experience.arcgis.com","source":{"key":"opendata","label":"Open data"},"year":null,"licence":null,"types":["capacitydata","map"],"subregions":["Illinois"]},{"title":"Ameren Illinois - Distribution Load Capacity Map","url":"https://www.arcgis.com/apps/webappviewer/index.html?id=c1be35bccc1f4ae9a8af5a1e2a69c268","host":"arcgis.com","source":{"key":"opendata","label":"Open data"},"year":null,"licence":null,"types":["capacitydata","map"],"subregions":["Illinois"]},{"title":"Indiana Michigan Power - Hosting Capacity Map","url":"https://www.indianamichiganpower.com/company/about/hosting-capacity","host":"indianamichiganpower.com","source":{"key":"operator","label":"Operator / TSO"},"year":null,"licence":null,"types":["capacitydata","map"],"subregions":["Indiana","Michigan"]},{"title":"Central Maine Power - PV Hosting Capacity Map","url":"https://www.arcgis.com/apps/webappviewer/index.html?id=1fdc504b688c4dfca123012c4c157835","host":"arcgis.com","source":{"key":"opendata","label":"Open data"},"year":null,"licence":null,"types":["capacitydata","map"],"subregions":["Maine"]},{"title":"Central Maine Power - Transmission, Distribution and Load Hosting Capacity Maps","url":"https://www.cmpco.com/suppliersandpartners/servicesandresources/transmissionanddistributionmaps","host":"cmpco.com","source":{"key":"operator","label":"Operator / TSO"},"year":null,"licence":null,"types":["capacitydata","map"],"subregions":["Maine"]},{"title":"Versant Power - Hosting Capability Maps","url":"https://www.versantpower.com/energy-solutions/clean-energy/distribution-interconnection-process","host":"versantpower.com","source":{"key":"operator","label":"Operator / TSO"},"year":null,"licence":null,"types":["capacitydata","map"],"subregions":["Maine"]},{"title":"BGE - PV Hosting Capacity Map","url":"https://www.bge.com/smart-energy/my-green-power-connection/developers-contractors/hosting-capacity-map","host":"bge.com","source":{"key":"operator","label":"Operator / TSO"},"year":null,"licence":null,"types":["capacitydata","map"],"subregions":["Maryland"]},{"title":"Choptank Electric Cooperative - Generation and Net Metering Interconnection Portal","url":"https://www.choptankelectric.coop/green-energy","host":"choptankelectric.coop","source":{"key":"operator","label":"Operator / TSO"},"year":null,"licence":null,"types":["capacitydata","map"],"subregions":["Maryland"]},{"title":"Potomac Edison / FirstEnergy - Available Hosting Capacity Map","url":"https://firstenergycorp.maps.arcgis.com/apps/webappviewer/index.html?id=42c4345c15d4455b94496690b7c01345","host":"firstenergycorp.maps.arcgis.com","source":{"key":"opendata","label":"Open data"},"year":null,"licence":null,"types":["capacitydata","map"],"subregions":["Maryland"]},{"title":"SMECO - Interactive Solar Hosting Capacity Map","url":"https://www.smeco.coop/services/solar-net-metering/","host":"smeco.coop","source":{"key":"operator","label":"Operator / TSO"},"year":null,"licence":null,"types":["capacitydata","map"],"subregions":["Maryland"]},{"title":"National Grid - Massachusetts System Data Portal","url":"https://systemdataportal.nationalgrid.com/MA/","host":"systemdataportal.nationalgrid.com","source":{"key":"operator","label":"Operator / TSO"},"year":null,"licence":null,"types":["capacitydata","map"],"subregions":["Massachusetts"]},{"title":"Unitil - Hosting Capacity Map","url":"https://unitil.com/ways-to-save/solar-private-generation/ma-interconnection-hosting-capacity-map","host":"unitil.com","source":{"key":"operator","label":"Operator / TSO"},"year":null,"licence":null,"types":["capacitydata","map","dataset"],"subregions":["Massachusetts"]},{"title":"National Grid - MA System Portal (nationalgridus.com)","url":"https://www.nationalgridus.com/Business-Partners/MA-System-Portal","host":"nationalgridus.com","source":{"key":"operator","label":"Operator / TSO"},"year":null,"licence":null,"types":["capacitydata"],"subregions":["Massachusetts"]},{"title":"DTE Electric - Hosting Capacity Map","url":"https://dte.maps.arcgis.com/apps/webappviewer/index.html?id=64e9f4e0f82c42e7b7ed847273ec2764","host":"dte.maps.arcgis.com","source":{"key":"opendata","label":"Open data"},"year":null,"licence":null,"types":["capacitydata","map","dataset"],"subregions":["Michigan"]},{"title":"Consumers Energy - Hosting Capacity Map","url":"https://www.arcgis.com/apps/instant/lookup/index.html?appid=b90ff63b338043b7bcae43dd685a419d","host":"arcgis.com","source":{"key":"opendata","label":"Open data"},"year":null,"licence":null,"types":["capacitydata","map"],"subregions":["Michigan"]},{"title":"Minnesota Electric Transmission Lines","url":"https://gisdata.mn.gov/dataset/util-elec-trans","host":"gisdata.mn.gov","source":{"key":"gov","label":"Government"},"year":null,"licence":null,"types":["dataset"],"subregions":["Minnesota"]},{"title":"NV Energy - Distributed Resources Plan Web Portal","url":"https://drp.nvenergy.com/drp-external//1000","host":"drp.nvenergy.com","source":{"key":"operator","label":"Operator / TSO"},"year":null,"licence":null,"types":["capacitydata","map"],"subregions":["Nevada"]},{"title":"Jersey Central Power & Light / FirstEnergy - Solar Accommodation Map","url":"https://www.firstenergycorp.com/feconnect/newjersey/solar-accommodation-map.html","host":"firstenergycorp.com","source":{"key":"operator","label":"Operator / TSO"},"year":null,"licence":null,"types":["capacitydata","map"],"subregions":["New Jersey"]},{"title":"PSE&G - EV Hosting Capacity Map","url":"https://nj.myaccount.pseg.com/myservicepublic/ev_hosting_capacity_map","host":"nj.myaccount.pseg.com","source":{"key":"operator","label":"Operator / TSO"},"year":null,"licence":null,"types":["capacitydata","map"],"subregions":["New Jersey"]},{"title":"PSE&G - Solar Power Suitability Map","url":"https://nj.pseg.com/saveenergyandmoney/solarandrenewableenergy/solarpowersustanibility","host":"nj.pseg.com","source":{"key":"operator","label":"Operator / TSO"},"year":null,"licence":null,"types":["capacitydata","map"],"subregions":["New Jersey"]},{"title":"Con Edison - Hosting Capacity Maps","url":"https://www.coned.com/en/business-partners/hosting-capacity","host":"coned.com","source":{"key":"operator","label":"Operator / TSO"},"year":null,"licence":null,"types":["capacitydata","map"],"subregions":["New York"]},{"title":"Central Hudson - Hosting Capacity Maps","url":"https://www.cenhud.com/en/my-energy/distributed-generation/hosting-capacity-maps/","host":"cenhud.com","source":{"key":"operator","label":"Operator / TSO"},"year":null,"licence":null,"types":["capacitydata","map"],"subregions":["New York"]},{"title":"National Grid - New York System Data Portal","url":"https://systemdataportal.nationalgrid.com/NY/","host":"systemdataportal.nationalgrid.com","source":{"key":"operator","label":"Operator / TSO"},"year":null,"licence":null,"types":["capacitydata","map"],"subregions":["New York"]},{"title":"NYSEG / RG&E - Hosting Capacity Portal","url":"https://www.arcgis.com/apps/instant/portfolio/index.html?appid=5fc7fc4820af48838cb5bdfd54e5baad","host":"arcgis.com","source":{"key":"opendata","label":"Open data"},"year":null,"licence":null,"types":["capacitydata","map"],"subregions":["New York"]},{"title":"Orange & Rockland - Hosting Capacity and System Data","url":"https://www.oru.com/en/business-partners/hosting-capacity","host":"oru.com","source":{"key":"operator","label":"Operator / TSO"},"year":null,"licence":null,"types":["capacitydata","map","dataset"],"subregions":["New York","New Jersey"]},{"title":"PSEG Long Island - Hosting Capacity Map","url":"https://lipa.maps.arcgis.com/apps/webappviewer/index.html?id=05b9d34d35904eae9c3b62c0ee4ad927","host":"lipa.maps.arcgis.com","source":{"key":"opendata","label":"Open data"},"year":null,"licence":null,"types":["capacitydata","map"],"subregions":["New York"]},{"title":"AEP Ohio - Hosting Capacity Map","url":"https://www.aepohio.com/company/about/hosting-capacity","host":"aepohio.com","source":{"key":"operator","label":"Operator / TSO"},"year":null,"licence":null,"types":["capacitydata","map"],"subregions":["Ohio"]},{"title":"Portland General Electric - Distributed Generation Evaluation Map","url":"https://experience.arcgis.com/experience/14d44674036b4f6dbd52ab0964f83c2a","host":"experience.arcgis.com","source":{"key":"opendata","label":"Open data"},"year":null,"licence":null,"types":["capacitydata","map"],"subregions":["Oregon"]},{"title":"PECO - DER Interconnection Viability and Available Distribution Capacity Maps","url":"https://www.peco.com/SmartEnergy/MyGreenPowerConnection/Pages/DERInterconnectionViability.aspx","host":"peco.com","source":{"key":"operator","label":"Operator / TSO"},"year":null,"licence":null,"types":["capacitydata","map"],"subregions":["Pennsylvania"]},{"title":"Rhode Island Energy - DG System Portal / Hosting Capacity","url":"https://experience.arcgis.com/experience/b7f446f95c6b4d548d694737c9e66846/page/Hosting-Capacity","host":"experience.arcgis.com","source":{"key":"opendata","label":"Open data"},"year":null,"licence":null,"types":["capacitydata","map"],"subregions":["Rhode Island"]},{"title":"ERCOT Transmission Grid Map - Can only be visited from the US","url":"https://www.ercot.com/gridinfo/transmission","host":"ercot.com","source":{"key":"operator","label":"Operator / TSO"},"year":null,"licence":null,"types":["other"],"subregions":["Texas"]},{"title":"Utah Transmission Lines","url":"https://opendata.gis.utah.gov/datasets/utah::utah-transmission-lines/explore?location=40.907715%2C-111.467617%2C-1","host":"opendata.gis.utah.gov","source":{"key":"gov","label":"Government"},"year":null,"licence":null,"types":["dataset","map"],"subregions":["Utah"]},{"title":"Burlington Electric - Distributed Generation","url":"https://www.burlingtonelectric.com/distributed-generation","host":"burlingtonelectric.com","source":{"key":"operator","label":"Operator / TSO"},"year":null,"licence":null,"types":["capacitydata"],"subregions":["Vermont"]},{"title":"Green Mountain Power - Maps","url":"https://greenmountainpower.com/maps/","host":"greenmountainpower.com","source":{"key":"operator","label":"Operator / TSO"},"year":null,"licence":null,"types":["capacitydata","map"],"subregions":["Vermont"]},{"title":"Electric Substation Virginia","url":"https://www.arcgis.com/apps/mapviewer/index.html?layers=b06eda911f7b4f859c5e02bb5f7cc308","host":"arcgis.com","source":{"key":"opendata","label":"Open data"},"year":"2014","licence":null,"types":["map"],"subregions":["Virginia"]},{"title":"Dominion Energy - Hosting Capacity Tool","url":"https://www.dominionenergy.com/about/delivering-energy/electric-projects/energy-grid-transformation/hosting-capacity-tool","host":"dominionenergy.com","source":{"key":"operator","label":"Operator / TSO"},"year":null,"licence":null,"types":["capacitydata","map"],"subregions":["Virginia"]},{"title":"Dominion Energy - EV Capacity Map","url":"https://www.dominionenergy.com/about/delivering-energy/electric-projects/ev-capacity-map","host":"dominionenergy.com","source":{"key":"operator","label":"Operator / TSO"},"year":null,"licence":null,"types":["capacitydata","map"],"subregions":["Virginia"]},{"title":"Puget Sound Energy - Hosting Capacity Analysis","url":"https://www.pse.com/en/pages/grid-modernization/hosting-capacity-analysis","host":"pse.com","source":{"key":"operator","label":"Operator / TSO"},"year":null,"licence":null,"types":["capacitydata","map"],"subregions":["Washington"]}]}},{"type":"Feature","properties":{"name":"Guatemala","count":4,"capacity":2,"types":["map","dataset","capacitydata","report"],"datasets":[{"title":"GeoComunes - Expansión del sistema eléctrico en Centroamérica","url":"https://geocomunes.org/Visualizadores/Centroamerica/","host":"geocomunes.org","source":{"key":"operator","label":"Operator / TSO"},"year":"2019","licence":null,"types":["map","dataset"],"subregions":[]},{"title":"Plan de expansion des sistema de transporte 2024-2054","url":"https://www.cnee.gob.gt/PlanesExpansion/2024-2054/PET%202024-2054.pdf","host":"cnee.gob.gt","source":{"key":"gov","label":"Government"},"year":"2024","licence":null,"types":["capacitydata","map","report"],"subregions":[]},{"title":"Atlas del Sistema Nacional Interconectado","url":"https://cnee.gob.gt/atlas-del-sni/","host":"cnee.gob.gt","source":{"key":"gov","label":"Government"},"year":null,"licence":null,"types":["map","capacitydata"],"subregions":[]},{"title":"INDE / ETCEE - transmission substation location register","url":"https://inde.gob.gt/etcee/","host":"inde.gob.gt","source":{"key":"gov","label":"Government"},"year":null,"licence":null,"types":["dataset"],"subregions":[]}]}},{"type":"Feature","properties":{"name":"El Salvador","count":2,"capacity":0,"types":["map","dataset"],"datasets":[{"title":"GeoComunes - Expansión del sistema eléctrico en Centroamérica","url":"https://geocomunes.org/Visualizadores/Centroamerica/","host":"geocomunes.org","source":{"key":"operator","label":"Operator / TSO"},"year":"2019","licence":null,"types":["map","dataset"],"subregions":[]},{"title":"ETESAL - Transmission System Map","url":"https://www.etesal.com.sv/mapa-1/","host":"etesal.com.sv","source":{"key":"operator","label":"Operator / TSO"},"year":null,"licence":null,"types":["map"],"subregions":[]}]}},{"type":"Feature","properties":{"name":"Honduras","count":3,"capacity":1,"types":["map","dataset","report","capacitydata"],"datasets":[{"title":"GeoComunes - Expansión del sistema eléctrico en Centroamérica","url":"https://geocomunes.org/Visualizadores/Centroamerica/","host":"geocomunes.org","source":{"key":"operator","label":"Operator / TSO"},"year":"2019","licence":null,"types":["map","dataset"],"subregions":[]},{"title":"Mapa del Sistema Interconectado Nacional","url":"https://www.cree.gob.hn/mapa-del-sistema-interconectado-nacional/","host":"cree.gob.hn","source":{"key":"gov","label":"Government"},"year":null,"licence":null,"types":["map"],"subregions":[]},{"title":"Plan de Expansión de la Red de Transmisión 2026-2035","url":"https://cnd.enee.hn/wp-content/uploads/2026/03/Anexos-PERT-2026-2035.pdf","host":"cnd.enee.hn","source":{"key":"operator","label":"Operator / TSO"},"year":"2026","licence":null,"types":["report","capacitydata"],"subregions":[]}]}},{"type":"Feature","properties":{"name":"Nicaragua","count":3,"capacity":2,"types":["map","dataset","capacitydata","report"],"datasets":[{"title":"GeoComunes - Expansión del sistema eléctrico en Centroamérica","url":"https://geocomunes.org/Visualizadores/Centroamerica/","host":"geocomunes.org","source":{"key":"operator","label":"Operator / TSO"},"year":"2019","licence":null,"types":["map","dataset"],"subregions":[]},{"title":"Interactive Transmission Map","url":"https://energiayminas.mem.gob.ni/Transmision","host":"energiayminas.mem.gob.ni","source":{"key":"gov","label":"Government"},"year":"2024","licence":null,"types":["map","capacitydata"],"subregions":[]},{"title":"ENATREL - Inversión en proyectos de transmisión 2007-2023","url":"https://www.enatrel.gob.ni/wp-content/uploads/2024/04/INVERSION-PROYECTOS-DE-TRANSMISION-2007-2023.pdf","host":"enatrel.gob.ni","source":{"key":"gov","label":"Government"},"year":"2023","licence":null,"types":["report","capacitydata"],"subregions":[]}]}},{"type":"Feature","properties":{"name":"Costa Rica","count":2,"capacity":0,"types":["map","dataset"],"datasets":[{"title":"GeoComunes - Expansión del sistema eléctrico en Centroamérica","url":"https://geocomunes.org/Visualizadores/Centroamerica/","host":"geocomunes.org","source":{"key":"operator","label":"Operator / TSO"},"year":"2019","licence":null,"types":["map","dataset"],"subregions":[]},{"title":"Transmission system, substations, and future projects","url":"https://datos-ice-se.opendata.arcgis.com/search?tags=transmisi%25C3%25B3n%2Csubestaciones%2Ctransmision","host":"datos-ice-se.opendata.arcgis.com","source":{"key":"opendata","label":"Open data"},"year":"2023","licence":null,"types":["dataset"],"subregions":[]}]}},{"type":"Feature","properties":{"name":"Panama","count":4,"capacity":1,"types":["map","dataset","report","capacitydata"],"datasets":[{"title":"GeoComunes - Expansión del sistema eléctrico en Centroamérica","url":"https://geocomunes.org/Visualizadores/Centroamerica/","host":"geocomunes.org","source":{"key":"operator","label":"Operator / TSO"},"year":"2019","licence":null,"types":["map","dataset"],"subregions":[]},{"title":"Cuarta Línea de Transmisión","url":"https://www.etesa.com.pa/es/mapa","host":"etesa.com.pa","source":{"key":"operator","label":"Operator / TSO"},"year":null,"licence":null,"types":["map"],"subregions":[]},{"title":"ETESA - Plan de Expansión del Sistema Interconectado Nacional (PESIN)","url":"https://www.etesa.com.pa/es/plan-expansion-del-sistema-interconectado-naciona","host":"etesa.com.pa","source":{"key":"operator","label":"Operator / TSO"},"year":null,"licence":null,"types":["report","capacitydata"],"subregions":[]},{"title":"Electrical diagram","url":"https://www.cnd.com.pa/index.php/acerca/documentos/librerias/42-diagrama-unifilar","host":"cnd.com.pa","source":{"key":"operator","label":"Operator / TSO"},"year":"2025","licence":null,"types":["map"],"subregions":[]}]}},{"type":"Feature","properties":{"name":"Cuba","count":1,"capacity":0,"types":["other"],"datasets":[{"title":"Electric power system and trajectory of Hurricane Irma, 2017","url":"http://www.thehavanaconsultinggroup.com/en/Articles/Article/49?AspxAutoDetectCookieSupport=1","host":"thehavanaconsultinggroup.com","source":{"key":"operator","label":"Operator / TSO"},"year":null,"licence":null,"types":["other"],"subregions":[]}]}},{"type":"Feature","properties":{"name":"Haiti","count":1,"capacity":0,"types":["dataset"],"datasets":[{"title":"HaitiDocs - power network OpenStreetMap extract","url":"https://www.haitidocs.org/map/layers/power-osm?lang=fr","host":"haitidocs.org","source":{"key":"operator","label":"Operator / TSO"},"year":"2026","licence":"odbl","types":["dataset"],"subregions":[]}]}},{"type":"Feature","properties":{"name":"Jamaica","count":4,"capacity":1,"types":["report","map","capacitydata"],"datasets":[{"title":"JPS - Transmission Grid","url":"https://www.trackingstandard.org/wp-content/uploads/Public_I-RECE-Country-Assessment_Jamaica-26Mar2024.pdf","host":"trackingstandard.org","source":{"key":"operator","label":"Operator / TSO"},"year":"2024","licence":null,"types":["report"],"subregions":[]},{"title":"JPS-Distribution-Network","url":"https://www.jpsco.com/wp-content/uploads/2024/01/REOI-973893-Map-of-JPS-Distribution-Network-by-Regions-1.pdf","host":"jpsco.com","source":{"key":"operator","label":"Operator / TSO"},"year":"2024","licence":null,"types":["map"],"subregions":[]},{"title":"Integrated resource plan 2022","url":"https://www.mset.gov.jm/wp-content/uploads/2024/11/2022-Jamaica-Integrated-Resource-Plan.pdf","host":"mset.gov.jm","source":{"key":"gov","label":"Government"},"year":null,"licence":null,"types":["report","map"],"subregions":[]},{"title":"Electricity Investments - Transmission and Transformer Capacity Statistics","url":"https://www.mset.gov.jm/electricity-investments/","host":"mset.gov.jm","source":{"key":"gov","label":"Government"},"year":null,"licence":null,"types":["report","capacitydata"],"subregions":[]}]}},{"type":"Feature","properties":{"name":"Mexico","count":4,"capacity":1,"types":["map","dataset","capacitydata"],"datasets":[{"title":"Mapa del Sistema Eléctrico Nacional","url":"https://energia.conacyt.mx/planeas/electricidad/sistema-electrico-nacional","host":"energia.conacyt.mx","source":{"key":"operator","label":"Operator / TSO"},"year":"2022","licence":null,"types":["map"],"subregions":[]},{"title":"CFE - Líneas Instaladas y Capacidad Instalada de Subestaciones de Transmisión y Distribución","url":"https://datamx.io/es/dataset/lineas-instaladas-y-capacidad-instalada-de-subestaciones-de-transmision-y-distribucion","host":"datamx.io","source":{"key":"operator","label":"Operator / TSO"},"year":null,"licence":null,"types":["dataset","capacitydata"],"subregions":[]},{"title":"Batu Energy - Atlas SEN, open-source electricity system atlas","url":"https://github.com/batuenergy/atlas-sen","host":"github.com","source":{"key":"operator","label":"Operator / TSO"},"year":"2026","licence":"mit","types":["dataset","map"],"subregions":[]},{"title":"IPLANEG - Subestaciones eléctricas 2019","url":"https://geoinfo.iplaneg.net/layers/geonode%3Asubest_electrica2019","host":"geoinfo.iplaneg.net","source":{"key":"operator","label":"Operator / TSO"},"year":"2019","licence":null,"types":["dataset"],"subregions":["Guanajuato"]}]}},{"type":"Feature","properties":{"name":"Puerto Rico","count":4,"capacity":2,"types":["map","capacitydata"],"datasets":[{"title":"LUMA Energy Puerto Rico","url":"https://www.arcgis.com/home/webmap/viewer.html?webmap=37f6415eb74e49e4842947ece321e276","host":"arcgis.com","source":{"key":"opendata","label":"Open data"},"year":null,"licence":null,"types":["map"],"subregions":[]},{"title":"LUMA Energy - Hosting Capacity Dashboard","url":"https://experience.arcgis.com/experience/99811dd66276465bb687a7fc8cc8cbe0/","host":"experience.arcgis.com","source":{"key":"opendata","label":"Open data"},"year":null,"licence":null,"types":["capacitydata","map"],"subregions":[]},{"title":"Pepco Holdings Capacity Planning Maps","url":"https://storymaps.arcgis.com/stories/f4f45b890f504c21935c177d6cf545a5","host":"storymaps.arcgis.com","source":{"key":"opendata","label":"Open data"},"year":null,"licence":null,"types":["map"],"subregions":[]},{"title":"LUMA Energy - Renewable Energy Info","url":"https://lumapr.com/residential/renewable-energy/?lang=en","host":"lumapr.com","source":{"key":"operator","label":"Operator / TSO"},"year":null,"licence":null,"types":["capacitydata"],"subregions":[]}]}},{"type":"Feature","properties":{"name":"Dominican Rep.","count":4,"capacity":0,"types":["report","other","map"],"datasets":[{"title":"Transmission planning 2021-2025","url":"https://eted.gob.do/planificacion-de-mediano-y-largo-plazo/#30-64-2023-plan-de-expansion","host":"eted.gob.do","source":{"key":"gov","label":"Government"},"year":"2023","licence":null,"types":["report","other"],"subregions":[]},{"title":"National Energy Map - Interactive Map","url":"https://www.mapas.cne.gob.do/","host":"mapas.cne.gob.do","source":{"key":"gov","label":"Government"},"year":null,"licence":null,"types":["map"],"subregions":[]},{"title":"National Energy Map - Circuit diagram","url":"https://mapas.cne.gob.do/uploads/archivos/Unifilar-SENI.pdf","host":"mapas.cne.gob.do","source":{"key":"gov","label":"Government"},"year":null,"licence":null,"types":["map"],"subregions":[]},{"title":"Transmission Network Map","url":"https://www.geodominica.dm/transmission-network/","host":"geodominica.dm","source":{"key":"operator","label":"Operator / TSO"},"year":null,"licence":null,"types":["map"],"subregions":[]}]}},{"type":"Feature","properties":{"name":"Australia","count":18,"capacity":8,"types":["dataset","map","capacitydata"],"datasets":[{"title":"Electricity Transmission Lines - Digital Atlas","url":"https://digital.atlas.gov.au/datasets/digitalatlas::electricity-transmission-lines/explore","host":"digital.atlas.gov.au","source":{"key":"gov","label":"Government"},"year":"2025","licence":"cc-by-4.0","types":["dataset","map"],"subregions":[]},{"title":"Geoscience Australia - National Electricity Transmission Substations","url":"https://data.gov.au/data/dataset/au-govt-ga-national-electricity-transmission-substations-2017-na","host":"data.gov.au","source":{"key":"gov","label":"Government"},"year":"2017","licence":null,"types":["dataset"],"subregions":[]},{"title":"Transgrid - Eastern Australia","url":"https://tapr.transgrid.com.au/","host":"tapr.transgrid.com.au","source":{"key":"operator","label":"Operator / TSO"},"year":null,"licence":null,"types":["map"],"subregions":[]},{"title":"Queensland - NetworkLoad Capacity","url":"https://www.ergon.com.au/network/about-us/company-reports%2C-plans-and-charters/network-load-capacity-map","host":"ergon.com.au","source":{"key":"operator","label":"Operator / TSO"},"year":null,"licence":null,"types":["map"],"subregions":[]},{"title":"Energex - Network Load & Export Capacity Map","url":"https://www.energex.com.au/about-us/company-reports%2C-plans-and-charters/network-load-capacity-map","host":"energex.com.au","source":{"key":"operator","label":"Operator / TSO"},"year":null,"licence":null,"types":["capacitydata","map"],"subregions":["Queensland"]},{"title":"Energex - Network Assets Feature Layer","url":"https://www.arcgis.com/home/item.html?id=81fc10cb76d0473e874e170958353811","host":"arcgis.com","source":{"key":"opendata","label":"Open data"},"year":null,"licence":null,"types":["dataset"],"subregions":["Queensland"]},{"title":"Western Australia Network Capacity Mapping Tool","url":"https://westernpower.maps.arcgis.com/apps/webappviewer/index.html?id=21af5edc59034456b59c35be31365cdf","host":"westernpower.maps.arcgis.com","source":{"key":"opendata","label":"Open data"},"year":"2025","licence":null,"types":["map"],"subregions":[]},{"title":"Network Map Rosetta","url":"https://renewables.networkmap.energy/","host":"renewables.networkmap.energy","source":{"key":"operator","label":"Operator / TSO"},"year":null,"licence":null,"types":["map"],"subregions":[]},{"title":"AEMO - NEM Generation and Connection Interest Maps","url":"https://aemo.com.au/energy-systems/electricity/national-electricity-market-nem/participate-in-the-market/network-connections/nem-generation-maps","host":"aemo.com.au","source":{"key":"operator","label":"Operator / TSO"},"year":null,"licence":null,"types":["map"],"subregions":[]},{"title":"Look Up and Live - Multi-Utility Network Asset Map","url":"https://www.arcgis.com/home/item.html?id=8a8f088ca9774464884d6711b347fff8","host":"arcgis.com","source":{"key":"opendata","label":"Open data"},"year":null,"licence":null,"types":["map"],"subregions":[]},{"title":"NSW Government - Network Hosting Capacity Opportunities Map","url":"https://www.energy.nsw.gov.au/nsw-plans-and-progress/regulation-and-policy/electricity-supply-and-reliability-check/network-hosting-capacity-opportunities-map","host":"energy.nsw.gov.au","source":{"key":"gov","label":"Government"},"year":null,"licence":null,"types":["capacitydata","map"],"subregions":["New South Wales"]},{"title":"Ausgrid - Rosetta Data Portal","url":"https://dtapr.ausgrid.com.au/","host":"dtapr.ausgrid.com.au","source":{"key":"operator","label":"Operator / TSO"},"year":null,"licence":null,"types":["capacitydata","map","dataset"],"subregions":["New South Wales"]},{"title":"Endeavour Energy - Network Capacity Map","url":"https://www.endeavourenergy.com.au/our-network/network-demand-and-capacity/network-capacity-map","host":"endeavourenergy.com.au","source":{"key":"operator","label":"Operator / TSO"},"year":null,"licence":null,"types":["capacitydata","map"],"subregions":["New South Wales"]},{"title":"Essential Energy - Network Capacity Map","url":"https://experience.arcgis.com/experience/9e19707948544a3285a3631d0ed576f8/","host":"experience.arcgis.com","source":{"key":"opendata","label":"Open data"},"year":null,"licence":null,"types":["capacitydata","map"],"subregions":["New South Wales"]},{"title":"CitiPower / Powercor - Network Visualisation Portal","url":"https://dapr.citipower.com.au/","host":"dapr.citipower.com.au","source":{"key":"operator","label":"Operator / TSO"},"year":null,"licence":null,"types":["capacitydata","map","dataset"],"subregions":["Victoria"]},{"title":"CitiPower / Powercor - Network Data","url":"https://www.powercor.com.au/network-planning-and-projects/network-data/","host":"powercor.com.au","source":{"key":"operator","label":"Operator / TSO"},"year":null,"licence":null,"types":["capacitydata","map","dataset"],"subregions":["Victoria"]},{"title":"AusNet - GridView Portal","url":"https://www.ausnetservices.com.au/electricity/network-information/gridview-portal","host":"ausnetservices.com.au","source":{"key":"operator","label":"Operator / TSO"},"year":null,"licence":null,"types":["map"],"subregions":["Victoria"]},{"title":"SA Power Networks - Network Visualisation Portal","url":"https://www.sapowernetworks.com.au/data/315234/new-network-visualisation-portal-launched/","host":"sapowernetworks.com.au","source":{"key":"operator","label":"Operator / TSO"},"year":null,"licence":null,"types":["capacitydata","map"],"subregions":["South Australia"]}]}},{"type":"Feature","properties":{"name":"Fiji","count":1,"capacity":0,"types":["map"],"datasets":[{"title":"EFL Annual Report","url":"https://efl.com.fj/wp-content/uploads/2025/05/EFL-2024-Annual-Report.pdf","host":"efl.com.fj","source":{"key":"operator","label":"Operator / TSO"},"year":"2024","licence":null,"types":["map"],"subregions":[]}]}},{"type":"Feature","properties":{"name":"Papua New Guinea","count":2,"capacity":0,"types":["report","other"],"datasets":[{"title":"Energy Policy and Practice for Climate and People","url":"https://www.jubileeaustralia.org/storage/app/uploads/public/63c/daa/f1f/63cdaaf1f37ff165892315.pdf","host":"jubileeaustralia.org","source":{"key":"operator","label":"Operator / TSO"},"year":"2022","licence":"cc-by-4.0","types":["report"],"subregions":[]},{"title":"National Energy Policy report (includes a map)","url":"https://nea.gov.pg/wp-content/uploads/2022/12/National-Energy-Policy-2017-2027.pdf","host":"nea.gov.pg","source":{"key":"gov","label":"Government"},"year":"2017","licence":null,"types":["other"],"subregions":[]}]}},{"type":"Feature","properties":{"name":"New Zealand","count":19,"capacity":15,"types":["dataset","map","capacitydata"],"datasets":[{"title":"Transpower New Zealand Ltd Transmission Lines","url":"https://data-transpower.opendata.arcgis.com/datasets/0c8db240553f47b5844bdc2eb1146b9b_0/explore","host":"data-transpower.opendata.arcgis.com","source":{"key":"opendata","label":"Open data"},"year":"2025","licence":"cc-by-4.0","types":["dataset","map"],"subregions":[]},{"title":"Transpower Substations NZ","url":"https://github.com/alltheplaces/alltheplaces/blob/master/locations/spiders/infrastructure/transpower_substations_nz.py","host":"github.com","source":{"key":"operator","label":"Operator / TSO"},"year":null,"licence":"mit","types":["dataset"],"subregions":[]},{"title":"Powerco Zone Substations NZ","url":"https://github.com/alltheplaces/alltheplaces/blob/master/locations/spiders/infrastructure/powerco_zone_substations_nz.py","host":"github.com","source":{"key":"operator","label":"Operator / TSO"},"year":null,"licence":"mit","types":["dataset"],"subregions":[]},{"title":"Transpower - Grid capability and configuration","url":"https://www.transpower.co.nz/our-work/industry/our-grid/grid-capability-and-configuration","host":"transpower.co.nz","source":{"key":"operator","label":"Operator / TSO"},"year":null,"licence":null,"types":["dataset","capacitydata"],"subregions":[]},{"title":"Unison - Network Hosting and Load Capacity Map","url":"https://experience.arcgis.com/experience/940e618061ea4368b864906b4f8cd962","host":"experience.arcgis.com","source":{"key":"opendata","label":"Open data"},"year":null,"licence":null,"types":["capacitydata","map"],"subregions":[]},{"title":"Northpower - Network Capacity Maps","url":"https://northpower.nz/hosting-capacity/","host":"northpower.nz","source":{"key":"operator","label":"Operator / TSO"},"year":null,"licence":null,"types":["capacitydata","map"],"subregions":[]},{"title":"Northpower - Network Generation Capacity","url":"https://experience.arcgis.com/experience/ecf9ee4986664797881db62b43083278","host":"experience.arcgis.com","source":{"key":"opendata","label":"Open data"},"year":null,"licence":null,"types":["capacitydata","map"],"subregions":[]},{"title":"Northpower - Network Load Capacity","url":"https://experience.arcgis.com/experience/60de4eb03dbe4c0e96416827faab8474","host":"experience.arcgis.com","source":{"key":"opendata","label":"Open data"},"year":null,"licence":null,"types":["capacitydata","map"],"subregions":[]},{"title":"Counties Energy - Capacity Hub","url":"https://capacity.countiesenergy.co.nz/","host":"capacity.countiesenergy.co.nz","source":{"key":"operator","label":"Operator / TSO"},"year":null,"licence":null,"types":["capacitydata","map"],"subregions":[]},{"title":"Network Waitaki - Generation Hosting Capacity Maps","url":"https://www.networkwaitaki.co.nz/customers/generation-hosting-capacity-maps/","host":"networkwaitaki.co.nz","source":{"key":"operator","label":"Operator / TSO"},"year":null,"licence":null,"types":["capacitydata","map"],"subregions":[]},{"title":"WEL Networks - Demand and Hosting Capacity Maps","url":"https://www.wel.co.nz/energy-services/network-capacity-maps/","host":"wel.co.nz","source":{"key":"operator","label":"Operator / TSO"},"year":null,"licence":null,"types":["capacitydata","map"],"subregions":[]},{"title":"Centralines - Network Hosting and Load Capacity Maps","url":"https://www.centralines.co.nz/i-need-to/get-connected/large-scale-network-capacity-maps/","host":"centralines.co.nz","source":{"key":"operator","label":"Operator / TSO"},"year":null,"licence":null,"types":["capacitydata","map"],"subregions":[]},{"title":"Centralines - Hosting Capacity for Generation Map","url":"https://experience.arcgis.com/experience/b498a3baf50a458ca808ec7e3023e84a","host":"experience.arcgis.com","source":{"key":"opendata","label":"Open data"},"year":null,"licence":null,"types":["capacitydata","map"],"subregions":[]},{"title":"Centralines - Spare Capacity Map","url":"https://experience.arcgis.com/experience/9c9c926ef6cc462a93d547f9ed042e71","host":"experience.arcgis.com","source":{"key":"opendata","label":"Open data"},"year":null,"licence":null,"types":["capacitydata","map"],"subregions":[]},{"title":"Powerco - Network Capacity Maps","url":"https://www.powerco.co.nz/news/energy-futures-info-hub/network-capacity-maps","host":"powerco.co.nz","source":{"key":"operator","label":"Operator / TSO"},"year":null,"licence":null,"types":["capacitydata","map"],"subregions":[]},{"title":"Orion - Hosting Capacity Viewer","url":"https://www.oriongroup.co.nz/your-energy-future/hosting-capacity-viewer","host":"oriongroup.co.nz","source":{"key":"operator","label":"Operator / TSO"},"year":null,"licence":null,"types":["capacitydata","map"],"subregions":[]},{"title":"EA Networks - Generation Hosting Capacity Map","url":"https://www.eanetworks.co.nz/power/connecting-solar/distributed-generation","host":"eanetworks.co.nz","source":{"key":"operator","label":"Operator / TSO"},"year":null,"licence":null,"types":["capacitydata","map"],"subregions":[]},{"title":"Wellington Electricity - Distributed Generation Hosting Capacity Map","url":"https://www.welectricity.co.nz/getting-connected/generating-your-own-electricity","host":"welectricity.co.nz","source":{"key":"operator","label":"Operator / TSO"},"year":null,"licence":null,"types":["capacitydata","map"],"subregions":[]},{"title":"Vector - Open Data Portal","url":"https://data.vector.co.nz/","host":"data.vector.co.nz","source":{"key":"operator","label":"Operator / TSO"},"year":null,"licence":null,"types":["dataset"],"subregions":[]}]}},{"type":"Feature","properties":{"name":"Vanuatu","count":1,"capacity":1,"types":["capacitydata"],"datasets":[{"title":"Utilities Regulatory Authority Fact Sheet","url":"https://ura.gov.vu/media/attachments/Electricity_Fact_Sheet_2017_-_2022.pdf","host":"ura.gov.vu","source":{"key":"gov","label":"Government"},"year":"2024","licence":"proprietary","types":["capacitydata"],"subregions":[]}]}},{"type":"Feature","properties":{"name":"Argentina","count":10,"capacity":1,"types":["other","map","dataset","capacitydata"],"datasets":[{"title":"Electric Generation and Transportation Maps","url":"http://datos.energia.gob.ar/dataset/generacion-transporte-electrico","host":"datos.energia.gob.ar","source":{"key":"gov","label":"Government"},"year":null,"licence":null,"types":["other"],"subregions":[]},{"title":"Generación, Transporte y Distribución de Energía Eléctrica","url":"http://www.energia.gob.ar/contenidos/archivos/Reorganizacion/sig/2024mapas/generacion_electrica.pdf","host":"energia.gob.ar","source":{"key":"gov","label":"Government"},"year":"2024","licence":"proprietary","types":["map"],"subregions":[]},{"title":"Información Energética","url":"https://sig.energia.gob.ar/visor/visorsig.php","host":"sig.energia.gob.ar","source":{"key":"gov","label":"Government"},"year":"2024","licence":"cc-by-4.0","types":["map","dataset"],"subregions":[]},{"title":"Información Geográfica","url":"https://www.argentina.gob.ar/economia/energia/planeamiento-energetico/informacion-energetica/sistema-unificado-de-informacion-3","host":"argentina.gob.ar","source":{"key":"gov","label":"Government"},"year":null,"licence":"cc-by-4.0","types":["dataset","map"],"subregions":[]},{"title":"Transporte Eléctrico AT Líneas","url":"http://datos.energia.gob.ar/dataset/transporte-electrico-at-lineas-","host":"datos.energia.gob.ar","source":{"key":"gov","label":"Government"},"year":null,"licence":"cc-by-4.0","types":["dataset","capacitydata"],"subregions":[]},{"title":"Distribution networks provided by the Federal Electric Energy Council, provincial electrical distribution companies and regulatory entities","url":"https://datos.gob.ar/dataset/energia-redes-distribucion-electrica","host":"datos.gob.ar","source":{"key":"gov","label":"Government"},"year":null,"licence":null,"types":["other"],"subregions":[]},{"title":"Distribución Eléctrica EDELAP","url":"https://datos.energia.gob.ar/dataset/distribucion-electrica-edelap","host":"datos.energia.gob.ar","source":{"key":"gov","label":"Government"},"year":"2016","licence":"cc-by-4.0","types":["dataset"],"subregions":[]},{"title":"Distribución Eléctrica EDENOR","url":"https://datos.energia.gob.ar/dataset/distribucion-electrica-edenor","host":"datos.energia.gob.ar","source":{"key":"gov","label":"Government"},"year":"2016","licence":"cc-by-4.0","types":["dataset"],"subregions":[]},{"title":"Distribución Eléctrica EDESUR","url":"https://datos.energia.gob.ar/dataset/distribucion-electrica-edesur","host":"datos.energia.gob.ar","source":{"key":"gov","label":"Government"},"year":"2016","licence":"cc-by-4.0","types":["dataset"],"subregions":[]},{"title":"Transporte Eléctrico AT - estaciones transformadoras","url":"https://datos.energia.gob.ar/dataset/transporte-electrico-at-estaciones-transformadoras","host":"datos.energia.gob.ar","source":{"key":"gov","label":"Government"},"year":"2026","licence":"cc-by-4.0","types":["dataset"],"subregions":[]}]}},{"type":"Feature","properties":{"name":"Bolivia","count":4,"capacity":3,"types":["report","map","capacitydata","dataset"],"datasets":[{"title":"Instructivos de restitución del SIN (Sistema Interconectado Nacional)","url":"https://www.cndc.bo/media/archivos/normas/Instructivos_de_Restitucion_del_SIN.pdf","host":"cndc.bo","source":{"key":"operator","label":"Operator / TSO"},"year":null,"licence":null,"types":["report","map","capacitydata"],"subregions":[]},{"title":"Subestaciones en Bolivia","url":"https://www.scribd.com/document/425875074/Subestaciones-en-Bolivia","host":"scribd.com","source":{"key":"academic","label":"Academic"},"year":null,"licence":"proprietary","types":["capacitydata","dataset"],"subregions":[]},{"title":"Transmission and Distribution map","url":"https://geoportal.mhe.gob.bo/maps/720","host":"geoportal.mhe.gob.bo","source":{"key":"gov","label":"Government"},"year":"2023","licence":null,"types":["capacitydata","map"],"subregions":[]},{"title":"Transmission and subtransmission grid layer of the SIN","url":"https://geoportal.mhe.gob.bo/layers/geonode%3Atransmision_sin_20260604_2d","host":"geoportal.mhe.gob.bo","source":{"key":"gov","label":"Government"},"year":"2026","licence":"cc-by-3.0","types":["dataset","map"],"subregions":[]}]}},{"type":"Feature","properties":{"name":"Brazil","count":9,"capacity":2,"types":["map","dataset","capacitydata"],"datasets":[{"title":"Mapas do Sistema Elétrico Brasileiro","url":"https://eletrobras.com/pt/Paginas/Sistema-Eletrico-Brasileiro.aspx","host":"eletrobras.com","source":{"key":"operator","label":"Operator / TSO"},"year":"2018","licence":null,"types":["map"],"subregions":[]},{"title":"Sistema Interligado Nacional","url":"https://www.epe.gov.br/sites-pt/publicacoes-dados-abertos/publicacoes/PublicacoesArquivos/publicacao-168/Mapa%20do%20Sistema%20Integrado%20Nacional.pdf","host":"epe.gov.br","source":{"key":"gov","label":"Government"},"year":"2024","licence":null,"types":["map"],"subregions":[]},{"title":"Webmap EPE - Transmission Grid","url":"https://gisepeprd2.epe.gov.br/WebMapEPE/","host":"gisepeprd2.epe.gov.br","source":{"key":"gov","label":"Government"},"year":null,"licence":null,"types":["map"],"subregions":[]},{"title":"Sobre ONS DADOS ABERTOS - Substations","url":"https://dados.ons.org.br/dataset/subestacao/resource/835e4e8f-59f4-4289-ade2-4e4d0fec1cfa","host":"dados.ons.org.br","source":{"key":"operator","label":"Operator / TSO"},"year":"2026","licence":"cc-by-4.0","types":["dataset"],"subregions":[]},{"title":"Sobre ONS DADOS ABERTOS - Transmission Lines","url":"https://dados.ons.org.br/dataset/linha-transmissao/resource/26108f7a-48d0-4a1c-9234-176da0b68a1f","host":"dados.ons.org.br","source":{"key":"operator","label":"Operator / TSO"},"year":"2026","licence":"cc-by-4.0","types":["dataset","capacitydata"],"subregions":[]},{"title":"Sobre ONS DADOS ABERTOS - Capacidade de Transformação da Rede Básica","url":"https://dados.ons.org.br/dataset/capacidade-transformacao","host":"dados.ons.org.br","source":{"key":"operator","label":"Operator / TSO"},"year":"2026","licence":"cc-by-4.0","types":["dataset","capacitydata"],"subregions":[]},{"title":"Harmonized and Open Energy Dataset for Modeling a Highly Renewable Brazilian Power System","url":"https://zenodo.org/records/7478165","host":"zenodo.org","source":{"key":"academic","label":"Academic"},"year":"2022","licence":"cc-by-4.0","types":["dataset"],"subregions":[]},{"title":"ANEEL - Base de Dados Geográfica da Distribuidora, BDGD","url":"https://dadosabertos.aneel.gov.br/dataset/base-de-dados-geografica-da-distribuidora-bdgd","host":"dadosabertos.aneel.gov.br","source":{"key":"gov","label":"Government"},"year":"2026","licence":"odbl","types":["dataset"],"subregions":[]},{"title":"ANEEL - Sistema de Gestão da Transmissão, SIGET","url":"https://dadosabertos.aneel.gov.br/dataset/sistema-de-gestao-da-transmissao-siget","host":"dadosabertos.aneel.gov.br","source":{"key":"gov","label":"Government"},"year":"2026","licence":"odbl","types":["dataset"],"subregions":[]}]}},{"type":"Feature","properties":{"name":"Chile","count":5,"capacity":1,"types":["map","capacitydata","dataset"],"datasets":[{"title":"Map of the electrical grid","url":"https://energiamaps.cne.cl/","host":"energiamaps.cne.cl","source":{"key":"operator","label":"Operator / TSO"},"year":null,"licence":null,"types":["map"],"subregions":[]},{"title":"Sistema Eléctrico Nacional","url":"https://infotecnica.coordinador.cl/","host":"infotecnica.coordinador.cl","source":{"key":"operator","label":"Operator / TSO"},"year":null,"licence":null,"types":["capacitydata","dataset"],"subregions":[]},{"title":"IDE Energía - Líneas de transmisión","url":"https://geoportal.cl/geoportal/catalog/35012/L%C3%ADneas%20de%20transmisi%C3%B3n","host":"geoportal.cl","source":{"key":"operator","label":"Operator / TSO"},"year":"2023","licence":null,"types":["dataset","map"],"subregions":[]},{"title":"IDE Energía - subestaciones","url":"https://ide-energia.minenergia.cl/server/rest/services/IDE_Energia/Visor_IDE_Energ%C3%ADa/FeatureServer/8","host":"ide-energia.minenergia.cl","source":{"key":"operator","label":"Operator / TSO"},"year":null,"licence":null,"types":["dataset"],"subregions":[]},{"title":"IDE Energía - equipos de almacenamiento de energía","url":"https://ide-energia.minenergia.cl/server/rest/services/IDE_Energia/Visor_IDE_Energ%C3%ADa/FeatureServer/9","host":"ide-energia.minenergia.cl","source":{"key":"operator","label":"Operator / TSO"},"year":null,"licence":null,"types":["dataset"],"subregions":[]}]}},{"type":"Feature","properties":{"name":"Colombia","count":6,"capacity":2,"types":["map","report","capacitydata","dataset"],"datasets":[{"title":"Centrales de generación eléctrica del sistema interconectado","url":"https://www.arcgis.com/apps/View/index.html?appid=2859a49bb838498db3392fcea3bdc38a","host":"arcgis.com","source":{"key":"opendata","label":"Open data"},"year":"2008","licence":null,"types":["map"],"subregions":[]},{"title":"Plan Maestro: Tomo II: Plan de Expansión de Transmisión 2024-2038","url":"https://www1.upme.gov.co/siel/Plan_expansin_generacion_transmision/Plan_maestro_modernizacion_Tomo_1.pdf","host":"www1.upme.gov.co","source":{"key":"gov","label":"Government"},"year":"2024","licence":null,"types":["report","capacitydata"],"subregions":[]},{"title":"Subestaciones construidas STN - STR","url":"https://energia-upme.hub.arcgis.com/datasets/subestaciones-construidas-stn-str/explore?location=3.729228%2C-74.408411%2C7.45","host":"energia-upme.hub.arcgis.com","source":{"key":"opendata","label":"Open data"},"year":"2024","licence":null,"types":["dataset","map"],"subregions":[]},{"title":"Transmisión de energía eléctrica-UPME","url":"https://www.upme.gov.co/simec/energia-electrica/transmision-de-energia-electrica/","host":"upme.gov.co","source":{"key":"gov","label":"Government"},"year":null,"licence":null,"types":["report"],"subregions":[]},{"title":"Transmission grid","url":"https://paratec.xm.com.co/mapa","host":"paratec.xm.com.co","source":{"key":"operator","label":"Operator / TSO"},"year":null,"licence":null,"types":["capacitydata","dataset","map"],"subregions":[]},{"title":"UPME - Líneas de transmisión construidas","url":"https://www.arcgis.com/home/item.html?id=244214e5d10b47c1b12bfe9f7666594c","host":"arcgis.com","source":{"key":"opendata","label":"Open data"},"year":"2026","licence":"cc-by-2.0","types":["dataset","map"],"subregions":[]}]}},{"type":"Feature","properties":{"name":"Ecuador","count":7,"capacity":0,"types":["map","dataset"],"datasets":[{"title":"Mapa del Sistema Nacional de Transmisión por zonas operativas","url":"https://www.celec.gob.ec/transelectric/mapa-del-sistema-nacional-de-transmision-por-zonas-operativas/","host":"celec.gob.ec","source":{"key":"gov","label":"Government"},"year":"2021","licence":"proprietary","types":["map"],"subregions":[]},{"title":"Geoportal del Sector Eléctrico Ecuatoriano","url":"https://geoportal.arconel.gob.ec/","host":"geoportal.arconel.gob.ec","source":{"key":"gov","label":"Government"},"year":null,"licence":null,"types":["dataset"],"subregions":[]},{"title":"CNEL EP - red de conductores de distribución y subtransmisión","url":"https://geoportal.cnelep.gob.ec/arcgis/rest/services/REP/CNELEPN/MapServer/13","host":"geoportal.cnelep.gob.ec","source":{"key":"gov","label":"Government"},"year":null,"licence":null,"types":["dataset"],"subregions":[]},{"title":"CNEL EP - transformadores de distribución y postes","url":"https://geoportal.cnelep.gob.ec/arcgis/rest/services/REP/CNELEPN/MapServer/9","host":"geoportal.cnelep.gob.ec","source":{"key":"gov","label":"Government"},"year":null,"licence":null,"types":["dataset"],"subregions":[]},{"title":"CNEL EP - subestaciones","url":"https://geoportal.cnelep.gob.ec/arcgis/rest/services/REP/CNELEPN/MapServer/17","host":"geoportal.cnelep.gob.ec","source":{"key":"gov","label":"Government"},"year":null,"licence":null,"types":["dataset"],"subregions":[]},{"title":"Empresa Eléctrica Quito - red de distribución, geoservicio","url":"https://geoportal.eeq.com.ec/arcgis/rest/services/WEBGIS/WebgisElectrico/MapServer","host":"geoportal.eeq.com.ec","source":{"key":"operator","label":"Operator / TSO"},"year":null,"licence":null,"types":["dataset"],"subregions":[]},{"title":"Empresa Eléctrica Azogues - red eléctrica, geoservicio","url":"https://gisweb.eea.gob.ec/arcgis/rest/services/Geoportal/RedElectrica/MapServer","host":"gisweb.eea.gob.ec","source":{"key":"gov","label":"Government"},"year":null,"licence":null,"types":["dataset"],"subregions":[]}]}},{"type":"Feature","properties":{"name":"Guyana","count":1,"capacity":0,"types":["report"],"datasets":[{"title":"Development programme (includes SLD, and substations)","url":"https://gplinc.com/pl/plc/media/DE-Programme_2024-2028-26.02.2024-per-PUC-Clarifications.pdf","host":"gplinc.com","source":{"key":"operator","label":"Operator / TSO"},"year":"2024","licence":null,"types":["report"],"subregions":[]}]}},{"type":"Feature","properties":{"name":"Paraguay","count":2,"capacity":1,"types":["report","map","capacitydata"],"datasets":[{"title":"Mapa eléctrico del para el Año 2025","url":"https://biblioteca.olade.org/opac-tmpl/Documentos/hm000691.pdf","host":"biblioteca.olade.org","source":{"key":"operator","label":"Operator / TSO"},"year":"2025","licence":"cc-by-4.0","types":["report","map"],"subregions":[]},{"title":"ANDE - Plan Maestro de Transmisión 2024-2033","url":"https://www.ande.gov.py/documentos/plan_maestro/RP49741%20ANEXO%20II%20Plan%20Maestro%20de%20Transmision%202024-2033.pdf","host":"ande.gov.py","source":{"key":"gov","label":"Government"},"year":"2024","licence":null,"types":["report","capacitydata"],"subregions":[]}]}},{"type":"Feature","properties":{"name":"Peru","count":3,"capacity":1,"types":["capacitydata","dataset","map"],"datasets":[{"title":"COES Lineas existentes","url":"https://www.coes.org.pe/Portal/Operacion/CaractSEIN/MapaSEIN#","host":"coes.org.pe","source":{"key":"operator","label":"Operator / TSO"},"year":"2025","licence":null,"types":["capacitydata","dataset","map"],"subregions":[]},{"title":"OSINERGMIN - líneas de transmisión en operación","url":"https://gisem.osinergmin.gob.pe/serverosih/rest/services/Electricidad/ELECTRICIDAD/MapServer/15","host":"gisem.osinergmin.gob.pe","source":{"key":"gov","label":"Government"},"year":null,"licence":null,"types":["dataset"],"subregions":[]},{"title":"MINEM / IDEP - redes de media y alta tensión y centros de carga","url":"https://www.idep.gob.pe/geoportal/rest/services/INSTITUCIONALES/MINEM/MapServer","host":"idep.gob.pe","source":{"key":"gov","label":"Government"},"year":null,"licence":null,"types":["dataset"],"subregions":[]}]}},{"type":"Feature","properties":{"name":"Suriname","count":2,"capacity":0,"types":["report","map"],"datasets":[{"title":"Electricity Sector Plan","url":"https://eas.sr/wp-content/uploads/2025/05/1.-Vol-I-Stategic-Plan-Suriname-ESP-250510.pdf","host":"eas.sr","source":{"key":"operator","label":"Operator / TSO"},"year":"2025","licence":"proprietary","types":["report"],"subregions":[]},{"title":"Energy Infrastructure Projects","url":"https://nvebs.com/uploads/files/page/is-360-final-esia-for-energy-infrastructure-projects-final.pdf","host":"nvebs.com","source":{"key":"operator","label":"Operator / TSO"},"year":"2019","licence":null,"types":["report","map"],"subregions":[]}]}},{"type":"Feature","properties":{"name":"Uruguay","count":3,"capacity":0,"types":["map","dataset"],"datasets":[{"title":"Red de Trasmisión - Unifilar Geográfico","url":"https://portal.ute.com.uy/sites/default/files/generico/Red%20TRA%20existente%20A0.pdf","host":"portal.ute.com.uy","source":{"key":"operator","label":"Operator / TSO"},"year":"2022","licence":null,"types":["map"],"subregions":[]},{"title":"MIEM - líneas eléctricas de alta y media tensión, aéreas y subterráneas","url":"https://sit.mvot.gub.uy/arcgis/rest/services/07_EXTERNO/INFRAESTRUCTURA/MapServer/56","host":"sit.mvot.gub.uy","source":{"key":"operator","label":"Operator / TSO"},"year":null,"licence":null,"types":["dataset"],"subregions":[]},{"title":"MIEM - centros de transformación de alta y media tensión","url":"https://sit.mvot.gub.uy/arcgis/rest/services/07_EXTERNO/INFRAESTRUCTURA/MapServer/55","host":"sit.mvot.gub.uy","source":{"key":"operator","label":"Operator / TSO"},"year":null,"licence":null,"types":["dataset"],"subregions":[]}]}},{"type":"Feature","properties":{"name":"Venezuela","count":1,"capacity":0,"types":["dataset"],"datasets":[{"title":"Provita - Energía eléctrica de Venezuela, centrales hidroeléctricas y termoeléctricas","url":"https://geoportal.provita.org.ve/","host":"geoportal.provita.org.ve","source":{"key":"operator","label":"Operator / TSO"},"year":"2024","licence":null,"types":["dataset"],"subregions":[]}]}}]}